id,channel_id,posteruser_id,text,topicstructure_id,startwritetime,endwritetime,submittime,inserttime,postingtype,value,image_is_handmade,TRAININGRATING
241,33,120,Korrektur von @Folie 15,,29.11.2013 11:10:23,29.11.2013 11:10:35,29.11.2013 11:11:00,29.11.2013 11:12:22,IMG,0,1,1
242,33,123,klatschen,,29.11.2013 11:13:39,29.11.2013 11:12:15,29.11.2013 11:12:17,29.11.2013 11:13:39,TXT,0,,-1
243,33,129,Tearser,,29.11.2013 11:11:10,29.11.2013 11:11:54,29.11.2013 11:12:19,29.11.2013 11:13:40,IMG,0,1,-1
244,33,122,change groß schreiben,,29.11.2013 11:13:54,29.11.2013 11:12:34,29.11.2013 11:12:35,29.11.2013 11:13:54,TXT,0,,1
245,33,120,Akustik ist schlecht,,29.11.2013 11:14:03,29.11.2013 11:12:39,29.11.2013 11:12:41,29.11.2013 11:14:03,TXT,0,,-1
246,33,122,nie angst haben,,29.11.2013 11:12:44,29.11.2013 11:12:46,29.11.2013 11:12:48,29.11.2013 11:14:08,TXT,0,,-1
247,33,120,Geld sinkt,,29.11.2013 11:12:51,29.11.2013 11:12:52,29.11.2013 11:12:53,29.11.2013 11:14:15,TXT,0,,-1
248,33,125,Offenbach ist schoen,,29.11.2013 11:14:17,21.11.2013 23:57:10,21.11.2013 23:57:12,29.11.2013 11:14:17,TXT,0,,-1
249,33,127,Unterdrückung von Oben,,29.11.2013 11:14:36,29.11.2013 11:13:03,29.11.2013 11:13:04,29.11.2013 11:14:36,TXT,0,,1
250,33,122,menschen die von oben wüten,,29.11.2013 11:13:11,29.11.2013 11:13:17,29.11.2013 11:13:18,29.11.2013 11:14:38,TXT,0,,0
251,33,127,Wir werden beobachtet,,29.11.2013 11:13:15,29.11.2013 11:13:20,29.11.2013 11:13:21,29.11.2013 11:14:53,TXT,0,,-1
252,33,128,Bewusstseinsveränderung,,29.11.2013 11:14:53,29.11.2013 11:13:30,29.11.2013 11:13:32,29.11.2013 11:14:53,TXT,0,,-1
253,33,123,Chefs die Mitarbeiter unter Druck setzen und Kompetenz der Mitarbeiter in Frage stellen,,29.11.2013 11:13:11,29.11.2013 11:13:31,29.11.2013 11:13:33,29.11.2013 11:14:55,TXT,0,,1
254,33,120,"Eine Klasse möchte alles gleich behalten, die Anderen toben und möchten, dass das Bewustsein geändert wird.",,29.11.2013 11:13:01,29.11.2013 11:13:32,29.11.2013 11:13:33,29.11.2013 11:14:55,TXT,0,,1
255,33,122,das bewustsein soll sich ändern,,29.11.2013 11:13:32,29.11.2013 11:13:40,29.11.2013 11:13:41,29.11.2013 11:15:00,TXT,0,,0
256,33,125,Er ist ein Guru,,21.11.2013 23:57:55,21.11.2013 23:58:08,21.11.2013 23:58:09,29.11.2013 11:15:14,TXT,0,,-1
257,33,120,Eigentlich ändert sich nichts am Bewusstsein.,,29.11.2013 11:13:44,29.11.2013 11:13:53,29.11.2013 11:13:55,29.11.2013 11:15:17,TXT,0,,0
258,33,123,theorie des wandelns,,29.11.2013 11:13:50,29.11.2013 11:13:53,29.11.2013 11:13:55,29.11.2013 11:15:17,TXT,0,,0
259,33,122,die theorie des wandels,,29.11.2013 11:13:53,29.11.2013 11:13:57,29.11.2013 11:13:58,29.11.2013 11:15:17,TXT,0,,0
260,33,128,Theorie des Wandels,,29.11.2013 11:14:00,29.11.2013 11:14:04,29.11.2013 11:14:09,29.11.2013 11:15:30,TXT,0,,0
261,33,129,"Bewusstseinsänderung politisch/wirtschaftlich gefordert

Theorie des Wandels",,29.11.2013 11:15:35,29.11.2013 11:14:05,29.11.2013 11:14:13,29.11.2013 11:15:35,TXT,0,,1
262,33,128,Buc,,29.11.2013 11:14:24,29.11.2013 11:14:24,29.11.2013 11:14:24,29.11.2013 11:15:46,TXT,0,,-1
263,33,121,grundform der angst,,29.11.2013 11:14:24,29.11.2013 11:14:27,29.11.2013 11:14:29,29.11.2013 11:15:50,TXT,0,,0
264,33,120,Tauziehen zwischen verschiedenen Kräften im Menschen,,29.11.2013 11:14:19,29.11.2013 11:14:30,29.11.2013 11:14:31,29.11.2013 11:15:52,TXT,0,,1
265,33,122,Buch: Grundart der Ankst,,29.11.2013 11:14:28,29.11.2013 11:14:33,29.11.2013 11:14:35,29.11.2013 11:15:54,TXT,0,,0
266,33,119,buch grundformen der angst,,29.11.2013 11:15:55,17.07.2013 22:47:58,17.07.2013 22:48:00,29.11.2013 11:15:55,TXT,0,,0
267,33,1,Buch muss man gelesen haben: Grundformen der Angst,,29.11.2013 11:15:58,29.11.2013 11:14:37,29.11.2013 11:14:38,29.11.2013 11:15:58,TXT,0,,0
268,33,129,Grundformen der Angst (Literatur),,29.11.2013 11:14:23,29.11.2013 11:14:44,29.11.2013 11:14:46,29.11.2013 11:16:08,TXT,0,,1
269,33,127,Bewustssein in 18 Minuten,,29.11.2013 11:14:29,29.11.2013 11:14:29,29.11.2013 11:14:42,29.11.2013 11:16:14,IMG,0,0,1
270,33,125,Dieser Mann ist krank,,21.11.2013 23:59:07,21.11.2013 23:59:13,21.11.2013 23:59:15,29.11.2013 11:16:20,TXT,0,,-1
271,33,122,"@Folie 2 es gibt zwei arten, histerisch und angsthaft",,29.11.2013 11:14:50,29.11.2013 11:15:07,29.11.2013 11:15:08,29.11.2013 11:16:28,TXT,0,,0
272,33,123,"zwanghaft. alles soll so bleiben wie es ist
hysterisch: es soll immer anders sein",,29.11.2013 11:14:56,29.11.2013 11:15:07,29.11.2013 11:15:08,29.11.2013 11:16:30,TXT,0,,1
273,33,1,Zwanghafte Menschen: Es soll alles so bleiben wie es ist,,29.11.2013 11:15:02,29.11.2013 11:15:13,29.11.2013 11:15:17,29.11.2013 11:16:37,TXT,0,,1
274,33,119,hallo,,29.11.2013 11:24:02,17.07.2013 22:56:07,17.07.2013 22:56:07,29.11.2013 11:24:02,TXT,0,,-1
275,33,120,penis,,29.11.2013 11:24:06,29.11.2013 11:22:44,29.11.2013 11:22:45,29.11.2013 11:24:06,TXT,0,,-1
276,33,122,halloooo,,29.11.2013 11:24:11,29.11.2013 11:22:50,29.11.2013 11:22:51,29.11.2013 11:24:11,TXT,0,,-1
277,33,127,Freud sagt was anderes dazu,,29.11.2013 11:24:28,29.11.2013 11:22:53,29.11.2013 11:22:56,29.11.2013 11:24:28,TXT,0,,-1
278,33,123,der siegmund,,29.11.2013 11:24:37,29.11.2013 11:23:13,29.11.2013 11:23:15,29.11.2013 11:24:37,TXT,0,,-1
279,33,127,Google +,,29.11.2013 11:23:14,29.11.2013 11:23:16,29.11.2013 11:23:17,29.11.2013 11:24:49,TXT,0,,-1
280,33,122,"ein tekki, isoliert, alleine arbeiten, stolzer beitrag bei google plus",,29.11.2013 11:23:13,29.11.2013 11:23:30,29.11.2013 11:23:31,29.11.2013 11:24:50,TXT,0,,0
281,33,120,Der Typ disst uns!,,29.11.2013 11:23:23,29.11.2013 11:23:29,29.11.2013 11:23:30,29.11.2013 11:24:52,TXT,0,,-1
282,33,128,"it tech->sehr isoliert, nutzt google plus",,29.11.2013 11:24:55,29.11.2013 11:23:32,29.11.2013 11:23:34,29.11.2013 11:24:55,TXT,0,,1
283,33,121,*lustig',,29.11.2013 11:24:57,29.11.2013 11:23:35,29.11.2013 11:23:35,29.11.2013 11:24:57,TXT,0,,-1
284,33,123,depressive leute sind auf facebook?!,,29.11.2013 11:23:36,29.11.2013 11:23:44,29.11.2013 11:23:45,29.11.2013 11:25:07,TXT,0,,1
285,33,127,ICh BIN NICHT BEI FACEBOOK!!!,,29.11.2013 11:23:26,29.11.2013 11:23:34,29.11.2013 11:23:37,29.11.2013 11:25:08,TXT,0,,-1
430,33,122,wir werden alle die klausur bestehen!,,29.11.2013 12:14:55,29.11.2013 12:13:35,29.11.2013 12:13:36,29.11.2013 12:14:55,TXT,0,,-1
286,33,122,"facebook = freunde
google plus = diskusionsgegner",,29.11.2013 11:23:47,29.11.2013 11:24:01,29.11.2013 11:24:02,29.11.2013 11:25:21,TXT,0,,1
287,33,120,"Ich aber, und ich hasse es.",,29.11.2013 11:23:53,29.11.2013 11:24:00,29.11.2013 11:24:00,29.11.2013 11:25:22,TXT,0,,-1
288,33,119,von der folie im hintergrund bekommt man ja kopfweh,,17.07.2013 22:57:18,17.07.2013 22:57:28,17.07.2013 22:57:30,29.11.2013 11:25:25,TXT,0,,-1
289,33,126,"kein facebook, danke ;)",,29.11.2013 11:23:54,29.11.2013 11:24:02,29.11.2013 11:24:05,29.11.2013 11:25:27,TXT,0,,-1
290,33,129,"IT Fritze, arbeitet gerne alleine
Depressive eher bei Facebook, wegen Freunde
Bei Google + Diskussionsgegner",,29.11.2013 11:25:28,29.11.2013 11:24:04,29.11.2013 11:24:06,29.11.2013 11:25:28,TXT,0,,1
291,33,127,Like!,,29.11.2013 11:23:54,29.11.2013 11:23:56,29.11.2013 11:23:58,29.11.2013 11:25:29,TXT,0,,-1
292,33,128,"also: intelektuelle elite->google plus.
pöbel->facebook",,29.11.2013 11:23:59,29.11.2013 11:24:18,29.11.2013 11:24:21,29.11.2013 11:25:42,TXT,0,,0
293,33,120,Bei reddit ist es noch schlimmer als bei G+,,29.11.2013 11:24:27,29.11.2013 11:24:34,29.11.2013 11:24:35,29.11.2013 11:25:57,TXT,0,,-1
294,33,122,google plus hasst facebook,,29.11.2013 11:24:36,29.11.2013 11:24:46,29.11.2013 11:24:47,29.11.2013 11:26:06,TXT,0,,-1
295,33,129,"Test-Post: bei Google+ : aggress. Reaktion, bei Facebook freundlicher",,29.11.2013 11:24:15,29.11.2013 11:24:53,29.11.2013 11:24:56,29.11.2013 11:26:18,TXT,0,,1
296,33,129,"Tradition, Regeln und Fortschritt",,29.11.2013 11:25:02,29.11.2013 11:25:18,29.11.2013 11:25:23,29.11.2013 11:26:44,TXT,0,,1
297,33,127,I like!,,29.11.2013 11:25:06,29.11.2013 11:25:06,29.11.2013 11:25:14,29.11.2013 11:26:46,IMG,0,0,-1
298,33,120,too much text,,29.11.2013 11:25:35,29.11.2013 11:25:38,29.11.2013 11:25:39,29.11.2013 11:27:00,TXT,0,,-1
299,33,122,Fremdwörter die man nicht kennt,,29.11.2013 11:25:07,29.11.2013 11:25:35,29.11.2013 11:25:46,29.11.2013 11:27:06,IMG,0,1,1
300,33,129,Das hysterische Prinzip,,29.11.2013 11:25:45,29.11.2013 11:25:54,29.11.2013 11:25:56,29.11.2013 11:27:18,TXT,0,,1
301,33,119,zu viel,,17.07.2013 22:59:13,17.07.2013 22:59:28,17.07.2013 22:59:35,29.11.2013 11:27:30,IMG,0,1,-1
302,33,121,sehr übersichtlich,,29.11.2013 11:25:48,29.11.2013 11:26:19,29.11.2013 11:26:26,29.11.2013 11:27:48,IMG,0,1,-1
303,33,120,Links nach rechts: 'du machst nichts!',,29.11.2013 11:26:28,29.11.2013 11:26:38,29.11.2013 11:26:38,29.11.2013 11:28:00,TXT,0,,1
304,33,128,pflichtaffen prügeln im strebergarten rumquakende abenteurer.,,29.11.2013 11:26:08,29.11.2013 11:26:39,29.11.2013 11:26:42,29.11.2013 11:28:03,TXT,0,,-1
305,33,122,ja nicht lesen,,29.11.2013 11:26:18,29.11.2013 11:26:44,29.11.2013 11:26:51,29.11.2013 11:28:10,IMG,0,1,-1
306,33,119,@Folie7 kommt noch,,17.07.2013 23:00:05,17.07.2013 23:00:18,17.07.2013 23:00:20,29.11.2013 11:28:15,TXT,0,,-1
307,33,120,Rechte Seite nimmt Kredite auf.,,29.11.2013 11:26:45,29.11.2013 11:26:54,29.11.2013 11:26:55,29.11.2013 11:28:16,TXT,0,,1
308,33,127,@Folie 7,,29.11.2013 11:25:42,29.11.2013 11:26:44,29.11.2013 11:26:56,29.11.2013 11:28:27,IMG,0,1,-1
309,33,123,@Folie 2,,29.11.2013 11:26:38,29.11.2013 11:27:07,29.11.2013 11:27:14,29.11.2013 11:28:36,IMG,0,1,-1
310,33,128,offiziell gibt sich jeder mühe!,,29.11.2013 11:27:12,29.11.2013 11:27:17,29.11.2013 11:27:19,29.11.2013 11:28:40,TXT,0,,-1
311,33,119,was macht den bitte der Kammeraman,,17.07.2013 23:00:48,17.07.2013 23:00:57,17.07.2013 23:00:58,29.11.2013 11:28:53,TXT,0,,-1
312,33,129,Die Linke Seite nimmt dann Diskredite auf,,29.11.2013 11:27:16,29.11.2013 11:27:34,29.11.2013 11:27:36,29.11.2013 11:28:57,TXT,0,,1
313,33,122,UNERWÖHNUNG,,29.11.2013 11:27:37,29.11.2013 11:27:39,29.11.2013 11:27:40,29.11.2013 11:28:59,TXT,0,,-1
314,33,128,der kameramann ist von viva,,29.11.2013 11:27:42,29.11.2013 11:27:47,29.11.2013 11:27:48,29.11.2013 11:29:09,TXT,0,,-1
315,33,123,kinder nicht hysterisch erziehen,,29.11.2013 11:27:47,29.11.2013 11:27:51,29.11.2013 11:27:53,29.11.2013 11:29:14,TXT,0,,1
316,33,129,Wer hat ihn dann erzogen,,29.11.2013 11:27:47,29.11.2013 11:27:53,29.11.2013 11:27:54,29.11.2013 11:29:16,TXT,0,,0
317,33,123,"wie alle psychologen: keine eindeutige antwort, nein, man muss immer ein mittelding finden....",,29.11.2013 11:27:54,29.11.2013 11:28:10,29.11.2013 11:28:13,29.11.2013 11:29:35,TXT,0,,-1
318,33,120,Eine Gleichung,,29.11.2013 11:29:35,29.11.2013 11:29:35,29.11.2013 11:28:13,29.11.2013 11:29:35,EQU,0,,-1
319,33,119,Veränsderung,,17.07.2013 23:01:38,17.07.2013 23:01:41,17.07.2013 23:01:42,29.11.2013 11:29:37,TXT,0,,-1
320,33,122,Veränderung --> WOHIN?,,29.11.2013 11:28:13,29.11.2013 11:28:19,29.11.2013 11:28:20,29.11.2013 11:29:40,TXT,0,,-1
321,33,121,VERÄNDERUNG,,29.11.2013 11:28:14,29.11.2013 11:28:15,29.11.2013 11:28:18,29.11.2013 11:29:40,TXT,0,,-1
322,33,129,"Eigenschaften bis zum Diplom ? Danach Schaänderung,",,29.11.2013 11:28:05,29.11.2013 11:28:29,29.11.2013 11:28:37,29.11.2013 11:29:59,TXT,0,,-1
323,33,128,"abrakadabra, wandel dich!",,29.11.2013 11:28:32,29.11.2013 11:28:46,29.11.2013 11:28:47,29.11.2013 11:30:08,TXT,0,,-1
324,33,125,wahnsinniger Mensch!,,29.11.2013 11:30:12,22.11.2013 00:13:05,22.11.2013 00:13:07,29.11.2013 11:30:12,TXT,0,,-1
325,33,121,Angst --> wandel,,29.11.2013 11:28:50,29.11.2013 11:28:53,29.11.2013 11:28:55,29.11.2013 11:30:16,TXT,0,,0
326,33,129,nur nur wenn de Angst hat,,29.11.2013 11:28:51,29.11.2013 11:28:59,29.11.2013 11:29:01,29.11.2013 11:30:23,TXT,0,,-1
327,33,122,"man merkt wandel, wenn er fertig ist.
ängstliche merken es vorher.
histerischen kriegen lust.",,29.11.2013 11:28:38,29.11.2013 11:29:08,29.11.2013 11:29:08,29.11.2013 11:30:28,TXT,0,,1
328,33,126,hysterie - lust,,29.11.2013 11:30:38,29.11.2013 11:29:13,29.11.2013 11:29:16,29.11.2013 11:30:38,TXT,0,,0
329,33,128,töröö!,,29.11.2013 11:29:24,29.11.2013 11:29:27,29.11.2013 11:29:28,29.11.2013 11:30:49,TXT,0,,-1
330,33,129,Gegensatzpaare: Alles im Einheitsgrau,,29.11.2013 11:29:02,29.11.2013 11:29:35,29.11.2013 11:29:37,29.11.2013 11:30:59,TXT,0,,1
331,33,127,"Alle im gleichen Schritt, soforrrt1",,29.11.2013 11:29:07,29.11.2013 11:29:29,29.11.2013 11:29:31,29.11.2013 11:31:03,TXT,0,,-1
332,33,125,befrei dich selbst!,,22.11.2013 00:13:58,22.11.2013 00:14:05,22.11.2013 00:14:07,29.11.2013 11:31:12,TXT,0,,-1
333,33,127,JA tu doch mal was,,29.11.2013 11:29:39,29.11.2013 11:29:42,29.11.2013 11:29:44,29.11.2013 11:31:16,TXT,0,,-1
334,33,119,soso,,17.07.2013 23:03:02,17.07.2013 23:03:22,17.07.2013 23:03:28,29.11.2013 11:31:23,IMG,0,1,-1
335,33,129,Der Fehler ist der Vortrag,,29.11.2013 11:29:56,29.11.2013 11:30:03,29.11.2013 11:30:03,29.11.2013 11:31:25,TXT,0,,-1
336,33,120,BWL sind auf der linken Seite.,,29.11.2013 11:30:06,29.11.2013 11:30:12,29.11.2013 11:30:12,29.11.2013 11:31:34,TXT,0,,-1
337,33,127,BWL habe ich erts ab 14:00 Uhr,,29.11.2013 11:29:54,29.11.2013 11:30:01,29.11.2013 11:30:03,29.11.2013 11:31:34,TXT,0,,-1
338,33,122,Wichtigste schlagwörter markiert,,29.11.2013 11:29:32,29.11.2013 11:30:10,29.11.2013 11:30:19,29.11.2013 11:31:38,IMG,0,1,1
339,33,128,verschwende nicht dein leben. verlasse diesen vortrag!,,29.11.2013 11:30:10,29.11.2013 11:30:23,29.11.2013 11:30:24,29.11.2013 11:31:45,TXT,0,,-1
340,33,128,der mann ist ein kind,,29.11.2013 11:30:41,29.11.2013 11:30:47,29.11.2013 11:30:48,29.11.2013 11:32:09,TXT,0,,-1
341,33,123,GIDF,,29.11.2013 11:30:49,29.11.2013 11:30:50,29.11.2013 11:30:51,29.11.2013 11:32:13,TXT,0,,-1
342,33,122,Dozent = Kind (nicht so sehr links),,29.11.2013 11:30:40,29.11.2013 11:30:52,29.11.2013 11:30:53,29.11.2013 11:32:13,TXT,0,,-1
343,33,120,Dramatischer Höhepunkt bei @Folie 10,,29.11.2013 11:31:01,29.11.2013 11:31:08,29.11.2013 11:31:09,29.11.2013 11:32:31,TXT,0,,1
344,33,129,Noch Wichtiger,,29.11.2013 11:30:55,29.11.2013 11:31:04,29.11.2013 11:31:33,29.11.2013 11:32:55,IMG,0,1,-1
345,33,128,schule förder zwanghaftigkeit!,,29.11.2013 11:31:32,29.11.2013 11:31:40,29.11.2013 11:31:40,29.11.2013 11:33:02,TXT,0,,0
346,33,122,Schule will uns impliziert zwangshaft werden lassen,,29.11.2013 11:31:32,29.11.2013 11:31:47,29.11.2013 11:31:49,29.11.2013 11:33:08,TXT,0,,1
347,33,123,"dieser vortrag zeigt, warum man besser niemals zu einem psychologen gehen sollte...",,29.11.2013 11:31:29,29.11.2013 11:31:46,29.11.2013 11:31:48,29.11.2013 11:33:10,TXT,0,,-1
348,33,119,@Folie8,,17.07.2013 23:05:14,17.07.2013 23:05:25,17.07.2013 23:05:27,29.11.2013 11:33:22,TXT,0,,-1
349,33,125,@Folie 1,,29.11.2013 11:33:28,29.11.2013 11:33:28,22.11.2013 00:16:24,29.11.2013 11:33:28,EQU,0,,-1
350,33,120,Niemand will Clowns im Marketing,,29.11.2013 11:32:16,29.11.2013 11:32:24,29.11.2013 11:32:24,29.11.2013 11:33:46,TXT,0,,-1
351,33,122,@Folie 8 ist alles komisch,,29.11.2013 11:32:10,29.11.2013 11:32:30,29.11.2013 11:32:32,29.11.2013 11:33:51,TXT,0,,-1
352,33,119,@Folie 9 auch nicht zu verachten,,17.07.2013 23:05:53,17.07.2013 23:05:58,17.07.2013 23:05:59,29.11.2013 11:33:54,TXT,0,,-1
353,33,129,Streber,,29.11.2013 11:32:39,29.11.2013 11:32:40,29.11.2013 11:32:42,29.11.2013 11:34:04,TXT,0,,-1
354,33,128,willkürliche intelligenz!,,29.11.2013 11:32:46,29.11.2013 11:33:04,29.11.2013 11:33:05,29.11.2013 11:34:26,TXT,0,,-1
355,33,120,Hat Buch über 'professionelle Intelligenz' geschrieben,,29.11.2013 11:32:42,29.11.2013 11:32:56,29.11.2013 11:33:05,29.11.2013 11:34:26,TXT,0,,-1
356,33,129,Professionelle Intelligenz für Empowerment,,29.11.2013 11:32:51,29.11.2013 11:33:06,29.11.2013 11:33:12,29.11.2013 11:34:33,TXT,0,,-1
357,33,127,@Folie2 falscher Verweis eingebaut,,29.11.2013 11:30:16,29.11.2013 11:32:50,29.11.2013 11:33:11,29.11.2013 11:34:43,IMG,0,1,-1
358,33,126,wie hoch ist eigentlich die quali von seinen büchern 1 jahr = 1 buch...hm,,29.11.2013 11:32:56,29.11.2013 11:33:34,29.11.2013 11:33:37,29.11.2013 11:34:59,TXT,0,,-1
359,33,128,büroklammer ist microsofts beelzebub!,,29.11.2013 11:33:40,29.11.2013 11:33:59,29.11.2013 11:34:00,29.11.2013 11:35:22,TXT,0,,-1
360,33,129,Kommunikationsprobleme + Kritikunfähigkeit = Intelligenz,,29.11.2013 11:33:21,29.11.2013 11:34:00,29.11.2013 11:34:01,29.11.2013 11:35:23,TXT,0,,-1
361,33,122,Abkürzungen lernen,,29.11.2013 11:32:59,29.11.2013 11:34:14,29.11.2013 11:34:25,29.11.2013 11:35:45,IMG,0,1,1
362,33,129,wird gleich schriftlich abgefragt,,29.11.2013 11:34:29,29.11.2013 11:34:40,29.11.2013 11:34:41,29.11.2013 11:36:02,TXT,0,,-1
363,33,123,kurt tucholsky,,29.11.2013 11:34:50,29.11.2013 11:34:53,29.11.2013 11:34:54,29.11.2013 11:36:16,TXT,0,,1
364,33,120,Kinder sind kreativ,,29.11.2013 11:34:46,29.11.2013 11:34:56,29.11.2013 11:34:56,29.11.2013 11:36:18,TXT,0,,0
365,33,122,"80% können es jetzt nicht mehr, aber als kind konnte es jeder.",,29.11.2013 11:34:42,29.11.2013 11:34:58,29.11.2013 11:34:59,29.11.2013 11:36:19,TXT,0,,1
366,33,123,"talent for attraction hassen die deutschen..
vitalität hat fast keiner",,29.11.2013 11:35:07,29.11.2013 11:35:20,29.11.2013 11:35:21,29.11.2013 11:36:43,TXT,0,,1
367,33,122,Jeder mit Willen muss Manager werden.,,29.11.2013 11:35:22,29.11.2013 11:35:28,29.11.2013 11:35:29,29.11.2013 11:36:49,TXT,0,,0
368,33,119,sinn für sinn,,17.07.2013 23:08:55,17.07.2013 23:08:57,17.07.2013 23:08:58,29.11.2013 11:36:53,TXT,0,,-1
369,33,129,Sinn für Sinn -> Zuständigkeit bei Bloggern,,29.11.2013 11:35:27,29.11.2013 11:35:42,29.11.2013 11:35:44,29.11.2013 11:37:06,TXT,0,,-1
370,33,123,sziq und los,,29.11.2013 11:35:40,29.11.2013 11:35:43,29.11.2013 11:35:44,29.11.2013 11:37:06,TXT,0,,-1
371,33,127,sz IQ,,29.11.2013 11:35:33,29.11.2013 11:35:34,29.11.2013 11:35:36,29.11.2013 11:37:08,TXT,0,,-1
372,33,122,zwanghaften benutzen NUR Inteligenz,,29.11.2013 11:35:58,29.11.2013 11:36:05,29.11.2013 11:36:06,29.11.2013 11:37:26,TXT,0,,-1
373,33,127,Wer das liesst ist Doof,,29.11.2013 11:36:01,29.11.2013 11:36:08,29.11.2013 11:36:09,29.11.2013 11:37:41,TXT,0,,-1
374,33,122,Dozent wurde erzogen.,,29.11.2013 11:36:13,29.11.2013 11:36:25,29.11.2013 11:36:26,29.11.2013 11:37:45,TXT,0,,-1
375,33,125,Beitrag,,22.11.2013 00:17:23,22.11.2013 00:20:37,22.11.2013 00:20:48,29.11.2013 11:37:52,IMG,0,1,-1
376,33,119,also ich hatte 50 euro,,17.07.2013 23:09:52,17.07.2013 23:09:57,17.07.2013 23:09:58,29.11.2013 11:37:53,TXT,0,,-1
377,33,127,Kaffee mag ich nicht,,29.11.2013 11:36:18,29.11.2013 11:36:25,29.11.2013 11:36:26,29.11.2013 11:37:58,TXT,0,,-1
378,33,120,Gehirnwellenabriss.,,29.11.2013 11:36:36,29.11.2013 11:36:41,29.11.2013 11:36:43,29.11.2013 11:38:05,TXT,0,,0
379,33,122,Gehrinwellen sind im HIRN!,,29.11.2013 11:36:44,29.11.2013 11:36:50,29.11.2013 11:36:51,29.11.2013 11:38:10,TXT,0,,1
380,33,129,der hat'n Aufmerksamkeitsdefizit:,,29.11.2013 11:36:32,29.11.2013 11:36:54,29.11.2013 11:36:58,29.11.2013 11:38:20,TXT,0,,-1
381,33,128,"augen zu, ägypten, schön!",,29.11.2013 11:36:54,29.11.2013 11:37:02,29.11.2013 11:37:03,29.11.2013 11:38:24,TXT,0,,-1
382,33,127,Da wäre ich jetzt lieber als Egypten,,29.11.2013 11:36:39,29.11.2013 11:36:39,29.11.2013 11:36:55,29.11.2013 11:38:26,IMG,0,0,-1
383,33,122,1,,29.11.2013 11:37:06,29.11.2013 11:37:07,29.11.2013 11:37:08,29.11.2013 11:38:28,TXT,0,,-1
384,33,120,ich komm mit,,29.11.2013 11:37:13,29.11.2013 11:37:14,29.11.2013 11:37:15,29.11.2013 11:38:37,TXT,0,,-1
385,33,125,dann wärest du bestimmt schon tot,,22.11.2013 00:21:31,22.11.2013 00:21:41,22.11.2013 00:21:44,29.11.2013 11:38:48,TXT,0,,-1
386,33,122,Alpha / Beta Wellen Modus,,29.11.2013 11:37:30,29.11.2013 11:37:36,29.11.2013 11:37:37,29.11.2013 11:38:57,TXT,0,,0
387,33,122,Schöne Frau,,29.11.2013 11:37:39,29.11.2013 11:37:40,29.11.2013 11:37:41,29.11.2013 11:39:01,TXT,0,,-1
388,33,120,Beta-Wellen: Management-Meeting,,29.11.2013 11:37:33,29.11.2013 11:37:40,29.11.2013 11:37:41,29.11.2013 11:39:03,TXT,0,,1
389,33,127,"Mein Hirn ist blank, mein Name ist Hase",,29.11.2013 11:37:12,29.11.2013 11:37:30,29.11.2013 11:37:31,29.11.2013 11:39:03,TXT,0,,-1
390,33,125,Lebensgefahrwelle,,22.11.2013 00:21:54,22.11.2013 00:22:06,22.11.2013 00:22:08,29.11.2013 11:39:12,TXT,0,,-1
391,33,128,er mag frauen mit großen argumenten... laut handgeste.,,29.11.2013 11:37:39,29.11.2013 11:37:53,29.11.2013 11:37:55,29.11.2013 11:39:16,TXT,0,,-1
392,33,123,von frau fotografieren lassen ist wie meeting,,29.11.2013 11:37:56,29.11.2013 11:38:02,29.11.2013 11:38:03,29.11.2013 11:39:25,TXT,0,,-1
393,33,119,Augen zu vortrag vorbei,,17.07.2013 23:11:27,17.07.2013 23:11:32,17.07.2013 23:11:32,29.11.2013 11:39:27,TXT,0,,-1
394,33,120,Theta-Wellen bei Meditation,,29.11.2013 11:38:19,29.11.2013 11:38:27,29.11.2013 11:38:27,29.11.2013 11:39:49,TXT,0,,1
395,33,127,"Pink, Blau, Pinkes Meeting , Blaue Delta Forces",,29.11.2013 11:38:06,29.11.2013 11:38:25,29.11.2013 11:38:26,29.11.2013 11:39:58,TXT,0,,-1
396,33,120,Delta-wellen bei Säuglingen,,29.11.2013 11:38:33,29.11.2013 11:38:37,29.11.2013 11:38:38,29.11.2013 11:40:00,TXT,0,,1
397,33,122,Teta --> Delta --> Erwachsender,,29.11.2013 11:38:49,29.11.2013 11:38:56,29.11.2013 11:38:57,29.11.2013 11:40:17,TXT,0,,1
398,33,129,"Verschiedene Wellen: alpha Wellen, beta Wellen und Noppenwellen bei Frauen",,29.11.2013 11:38:28,29.11.2013 11:38:56,29.11.2013 11:38:58,29.11.2013 11:40:20,TXT,0,,0
399,33,122,--> Alpha Wellen STARK!,,29.11.2013 11:39:01,29.11.2013 11:39:08,29.11.2013 11:39:09,29.11.2013 11:40:29,TXT,0,,1
400,33,123,schtark wasch,,29.11.2013 11:39:06,29.11.2013 11:39:08,29.11.2013 11:39:09,29.11.2013 11:40:31,TXT,0,,-1
401,33,120,Opas bekommen Alpha-Wellen,,29.11.2013 11:39:01,29.11.2013 11:39:09,29.11.2013 11:39:10,29.11.2013 11:40:31,TXT,0,,1
402,33,122,Opa hat chips gegeben,,29.11.2013 11:39:23,29.11.2013 11:39:26,29.11.2013 11:39:27,29.11.2013 11:40:47,TXT,0,,-1
403,33,125,du hast keine Welle sondern eine Gerade,,22.11.2013 00:23:27,22.11.2013 00:23:42,22.11.2013 00:23:44,29.11.2013 11:40:48,TXT,0,,-1
404,33,120,"Daher kommt also, dass diese beiden Altersgruppen Windeln benötigen",,29.11.2013 11:39:38,29.11.2013 11:39:49,29.11.2013 11:39:50,29.11.2013 11:41:12,TXT,0,,-1
405,33,122,"Kann ein Kind zum Schlaf erzogen werden, OBWOHL es TETA WELLE hat.",,29.11.2013 11:39:50,29.11.2013 11:40:10,29.11.2013 11:40:11,29.11.2013 11:41:31,TXT,0,,-1
406,33,119,artgerechte haltung bei kindern,,17.07.2013 23:13:37,17.07.2013 23:13:43,17.07.2013 23:13:43,29.11.2013 11:41:38,TXT,0,,-1
407,33,127,"Das mach ich aber auch, Bier hilft!
Neue medizinische Anwendung zum Testen
Und noch mehr Text
Und noch mehr Text
Und noch mehr Text
Und noch mehr Text",,29.11.2013 11:39:18,29.11.2013 11:40:08,29.11.2013 11:40:10,29.11.2013 11:41:42,TXT,0,,-1
408,33,121,kein englisch mehr !!!!,,29.11.2013 11:40:19,29.11.2013 11:40:27,29.11.2013 11:40:28,29.11.2013 11:41:50,TXT,0,,-1
409,33,122,Kind soll artgerecht gehalten werden. Es kann sich nicht wehren und hat windows7 auf der Festplatte,,29.11.2013 11:40:21,29.11.2013 11:40:47,29.11.2013 11:40:48,29.11.2013 11:42:07,TXT,0,,-1
410,33,123,der hat ahnung von BIOS??,,29.11.2013 11:40:37,29.11.2013 11:40:46,29.11.2013 11:40:47,29.11.2013 11:42:09,TXT,0,,-1
411,33,127,Zeilenumbrüche gibt es nicht,,29.11.2013 11:40:31,29.11.2013 11:40:38,29.11.2013 11:40:40,29.11.2013 11:42:11,TXT,0,,-1
412,33,119,mit windows 7 kein wunder,,17.07.2013 23:14:23,17.07.2013 23:14:29,17.07.2013 23:14:30,29.11.2013 11:42:25,TXT,0,,-1
413,33,129,Microsoft macht Kinder kaputt,,29.11.2013 11:40:43,29.11.2013 11:41:05,29.11.2013 11:41:11,29.11.2013 11:42:33,TXT,0,,-1
414,33,126,windows 8 ist schon längst raus,,29.11.2013 11:40:53,29.11.2013 11:41:08,29.11.2013 11:41:12,29.11.2013 11:42:34,TXT,0,,-1
415,33,122,Dozent ist 60,,29.11.2013 11:41:13,29.11.2013 11:41:17,29.11.2013 11:41:18,29.11.2013 11:42:37,TXT,0,,-1
416,33,127,Haribo macht Kinder froh,,29.11.2013 11:41:09,29.11.2013 11:41:15,29.11.2013 11:41:16,29.11.2013 11:42:48,TXT,0,,-1
417,33,128,kinder nicht prügeln!,,29.11.2013 11:41:23,29.11.2013 11:41:26,29.11.2013 11:41:27,29.11.2013 11:42:49,TXT,0,,-1
418,33,129,"der hat alpha Wellen, also gefühlt älter",,29.11.2013 11:41:21,29.11.2013 11:41:35,29.11.2013 11:41:37,29.11.2013 11:42:58,TXT,0,,-1
419,33,128,"kinder so hochbringen, wie sie kommen!",,29.11.2013 11:41:37,29.11.2013 11:41:44,29.11.2013 11:41:45,29.11.2013 11:43:06,TXT,0,,-1
420,33,120,wichtig!!,,29.11.2013 11:41:33,29.11.2013 11:41:42,29.11.2013 11:41:48,29.11.2013 11:43:10,IMG,0,1,-1
421,33,127,Windows 8 ist aber schrott,,29.11.2013 11:41:30,29.11.2013 11:41:38,29.11.2013 11:41:40,29.11.2013 11:43:12,TXT,0,,-1
422,33,123,dumme kinder haben dann windows 98?,,29.11.2013 11:41:55,29.11.2013 11:42:01,29.11.2013 11:42:02,29.11.2013 11:43:24,TXT,0,,-1
423,33,122,@Folie 15 letzte folie muss WICHTIG sein,,29.11.2013 11:41:58,29.11.2013 11:42:04,29.11.2013 11:42:05,29.11.2013 11:43:25,TXT,0,,1
424,33,122,Applaus,,29.11.2013 11:42:09,29.11.2013 11:42:11,29.11.2013 11:42:12,29.11.2013 11:43:31,TXT,0,,-1
425,33,129,Ende gut alle gut,,29.11.2013 11:42:04,29.11.2013 11:42:09,29.11.2013 11:42:10,29.11.2013 11:43:31,TXT,0,,-1
426,33,120,fertig,,29.11.2013 11:42:11,29.11.2013 11:42:11,29.11.2013 11:42:12,29.11.2013 11:43:34,TXT,0,,-1
427,33,127,Beide Optionen,,29.11.2013 11:41:45,29.11.2013 11:42:02,29.11.2013 11:42:14,29.11.2013 11:43:45,IMG,0,0,-1
428,33,127,"geht wohl nicht, gut so",,29.11.2013 11:42:20,29.11.2013 11:42:23,29.11.2013 11:42:37,29.11.2013 11:44:09,IMG,0,1,-1
429,33,127,Es gibt nur Lösungen,,29.11.2013 11:43:33,29.11.2013 11:43:39,29.11.2013 11:43:40,29.11.2013 11:45:12,TXT,0,,-1
48,6,3,Evidenzbasiert Feststellungen als Entscheidungshilfe in der klinischen Praxis,16,03.05.2013 10:20:26,03.05.2013 10:20:58,03.05.2013 10:21:00,03.05.2013 10:22:02,TXT,0,,1
49,6,10,"Leitlinien- Wer macht sie? Jeder kann eine Leitlinie machen, kein geschützer Begriff => Nutzer muss Qualität prüfen, und ob es verantwortlich ist, sie anzuwenden",16,03.05.2013 10:21:32,03.05.2013 10:22:18,03.05.2013 10:22:20,03.05.2013 10:22:43,TXT,0,,1
50,6,9,Jeder kann Leitlinien erstellen: Qualitätssicherung selber durchführen,16,03.05.2013 10:21:08,03.05.2013 10:22:08,03.05.2013 10:22:10,03.05.2013 10:23:11,TXT,0,,0
51,6,3,Nicht jede existierende Leitlinie muss auf jeden klinischen Fall passen.,16,03.05.2013 10:24:42,03.05.2013 10:24:54,03.05.2013 10:24:59,03.05.2013 10:26:01,TXT,0,,0
52,6,9,Organisationen erstellen Leitlinien: Leitlinien enthalten Richtwerte: Diese Richtwerte sind nicht auf jedes Patientenkollektiv übertragbar,16,03.05.2013 10:24:38,03.05.2013 10:25:09,03.05.2013 10:25:11,03.05.2013 10:26:12,TXT,0,,0
53,6,10,"Folie 20: Leitlinie: zur Hypertonie. Nicht so gut, weil aufs Alter bezogen und nicht durchgehend, warum so scharfe Grenzwerte?, eventuell nicht auf Patient anwendbar, aber Medizin lebt von Leitlinien",16,03.05.2013 10:22:41,03.05.2013 10:26:32,03.05.2013 10:26:33,03.05.2013 10:26:56,TXT,0,,0
54,6,3,Leitlinien sind zum Teil sehr alt.,16,03.05.2013 10:27:21,03.05.2013 10:27:32,03.05.2013 10:27:35,03.05.2013 10:28:38,TXT,0,,0
55,6,10,"Folie 20: Quellen veraltet, Patienten verändern sich im Schnitt im Laufe der Zeit, Grenzwerte sehr unterschiedlich",16,03.05.2013 10:26:55,03.05.2013 10:28:13,03.05.2013 10:28:23,03.05.2013 10:28:46,TXT,0,,1
57,6,9,Viele verschiedene Leitlinien für ein bestimmtes Merkmal: unterschiedliche Richtwerte empfohlen,16,03.05.2013 10:27:50,03.05.2013 10:30:12,03.05.2013 10:30:13,03.05.2013 10:31:14,TXT,0,,1
56,6,3,Wichtig: Wer gibt Leitlinien heraus? Wie alt sind die Leitlinien? Wie verhält es sich mit internationaler vs. nationaler Standards?,16,03.05.2013 10:27:59,03.05.2013 10:28:58,03.05.2013 10:28:59,03.05.2013 10:30:02,TXT,0,,1
58,6,10,"Folie 20: Sind Quellen vertrauenswürdig? Quellen kommen aus unterschiedlichen Ländern, und das beste wäre das jeweilige Land anzuschauen, Wie werden die Quellen finanziert (Pharma-Industrie-Abhängigkeit?)",16,03.05.2013 10:28:45,03.05.2013 10:31:25,03.05.2013 10:31:26,03.05.2013 10:31:49,TXT,0,,0
59,6,3,Wie etabliert ist die Leitlinie?,16,03.05.2013 10:33:21,03.05.2013 10:33:27,03.05.2013 10:33:28,03.05.2013 10:34:30,TXT,0,,0
60,6,10,"Folie Bewertungsschema: Vollständigkeit: Gibt Leitlinie alle Optionen an, die ich als Arzt habe? Vollständigkeit im Hinblick auf Outcome: Werden alle möglichen Szenarien vorgestellt? Peer Review: Ist die Leitlinie schon kritisch bewertete worden?",16,03.05.2013 10:32:22,03.05.2013 10:34:12,03.05.2013 10:34:13,03.05.2013 10:34:36,TXT,0,,1
61,6,3,Leitlinienarbeit ist der Prozess um Leitlinien zu entwickeln.,16,03.05.2013 10:34:24,03.05.2013 10:34:37,03.05.2013 10:34:38,03.05.2013 10:35:40,TXT,0,,1
62,6,10,Folie Leitlinienarbeit: Arbeit die zur Leitlinie führt und sie bestehen lässt,16,03.05.2013 10:35:03,03.05.2013 10:35:20,03.05.2013 10:35:21,03.05.2013 10:35:44,TXT,0,,0
63,6,10,"Konsens: nicht durch ungeordnetes Palaver, sondern geordneter Prozess um zum besseren Konsens zu kommen",16,03.05.2013 10:35:29,03.05.2013 10:36:10,03.05.2013 10:36:10,03.05.2013 10:36:33,TXT,0,,1
64,6,3,Historisch ältestes Konsentierungsverfahren: Konklave im Vatikan.,16,03.05.2013 10:35:18,03.05.2013 10:35:39,03.05.2013 10:35:41,03.05.2013 10:36:44,TXT,0,,1
65,6,10,"ältester Konsensprozess: Konklave, da sonst Papstwahl 3 Jahre gedauert hat",16,03.05.2013 10:36:11,03.05.2013 10:36:57,03.05.2013 10:36:58,03.05.2013 10:37:21,TXT,0,,1
66,6,10,Delphi-Studien: in 50er Jahre erfunden: Soll USA einen Präventivschlag gegen UDSSR machen? Antwort Nein.,16,03.05.2013 10:37:08,03.05.2013 10:37:45,03.05.2013 10:37:45,03.05.2013 10:38:08,TXT,0,,1
67,6,3,In den fünfziger Jahren ist die Delphi-Studie als Konsensverfahren angewendet worden um den Präventivschlag der USA gegen die UDSSR zu bewerten.,16,03.05.2013 10:36:38,03.05.2013 10:37:20,03.05.2013 10:37:21,03.05.2013 10:38:23,TXT,0,,0
68,6,9,Konsensfindung als zielorientiertes Verfahren zur Leitlinienfindung,16,03.05.2013 10:36:40,03.05.2013 10:37:26,03.05.2013 10:37:28,03.05.2013 10:38:29,TXT,0,,1
69,6,9,"Delphistudie: Fragebogen wird erstellt, wird von Probanden ausgefüllt. Fragenbogen+ Antworten werden erneut evaluiert",16,03.05.2013 10:38:13,03.05.2013 10:39:03,03.05.2013 10:39:05,03.05.2013 10:40:06,TXT,0,,0
70,6,10,"Delphi-Studie: erstelle Fragebogen, suche Experten aus, Fragebogen beantworten lassen, anonyme Antwortenauswertung, Experten bekommen Umfrageergebnis und sollen Fragebogen noch mal ausfüllen, bis Konvergenz erreicht ist",16,03.05.2013 10:38:14,03.05.2013 10:39:51,03.05.2013 10:40:01,03.05.2013 10:40:23,TXT,0,,1
71,6,3,AWMF = Arbeitsgemeinschaft der Wissenschaftlichen Medizinischen Fachgesellschaften,16,03.05.2013 10:39:47,03.05.2013 10:40:12,03.05.2013 10:40:12,03.05.2013 10:41:14,TXT,0,,0
72,6,9,Arbeitsgemeinschaft der wissenschaftlichen Medizinischen Fachgemeinschaften (AWMF) : Leitlinienentwicklung nach Schema--> Qualitätssicherung,16,03.05.2013 10:39:41,03.05.2013 10:41:21,03.05.2013 10:41:23,03.05.2013 10:42:24,TXT,0,,1
73,6,10,"AWMF= Gesellschaft in Deutschland haupt verantwortlich
a) Leitlinien erstellen
b) Leitlinien prüfen und Qualität verbessern
c) Leitlinien bewerten",16,03.05.2013 10:40:57,03.05.2013 10:41:49,03.05.2013 10:42:04,03.05.2013 10:42:27,TXT,0,,1
74,6,3,"Versionierung ist erweiterung oder verbesserung der Leitlinie, Fassungen sind für verschiedene Adressaten, zum Beispiel Patienten, Ärzte, Kliniken, ...",16,03.05.2013 10:42:17,03.05.2013 10:42:57,03.05.2013 10:42:58,03.05.2013 10:44:00,TXT,0,,1
75,6,10,"Dokumentfassung: eine für Ärzte, eine für Patienten, eine für spezialisierte Kliniken, eine für Feld-Wald-Wiesen-Krankenhaus",16,03.05.2013 10:42:59,03.05.2013 10:43:46,03.05.2013 10:43:47,03.05.2013 10:44:09,TXT,0,,1
76,6,10,Leitlinienportale,16,03.05.2013 10:44:15,03.05.2013 10:44:20,03.05.2013 10:44:42,03.05.2013 10:45:05,TXT,0,,0
77,6,9,Ergebnisse der Letilinienarbeit: in Leitlinienportalen zusammengeführt : z.B.: National Guideline Clearinghouse (USA),16,03.05.2013 10:43:31,03.05.2013 10:44:17,03.05.2013 10:44:19,03.05.2013 10:45:20,TXT,0,,1
78,6,10,"Leitlinien katigorisiert: S3 die beste: Bewertung, ob Weg, der zur Leitlinie geführt hat, ein guter und evidenzbasierter ist",16,03.05.2013 10:45:16,03.05.2013 10:46:05,03.05.2013 10:46:07,03.05.2013 10:46:30,TXT,0,,0
79,6,9,"Wichtigster Punkt: Leitlinien werden Kategorisiert: S1 ( gut, aber am wenigsten wert) - S3 ( alle Elemente systematischer Entwicklung vorhanden",16,03.05.2013 10:46:58,03.05.2013 10:45:54,03.05.2013 10:45:57,03.05.2013 10:46:58,TXT,0,,0
80,6,3,"S-Klassen in aufsteigender Reihenfolge nach wichtigkeit: S1: Repräsentative Expertengruppe und informeller Konsens; S2e: Systematische Recherche, Auswahl, Bewertung der Evidenz; S2k: Repr¨sentanten der Fachgesellschaften und formeller Konsens; S3: Alle Elemente systematischer Entwicklung.",16,03.05.2013 10:45:02,03.05.2013 10:46:05,03.05.2013 10:46:06,03.05.2013 10:47:08,TXT,0,,1
81,6,10,"Leitlinie: gut zur Qualitätssciherung, aber viele Ärzte habe Angst, von Leitlinie abzuweichen, wegen Schadenersatzforderungen",16,03.05.2013 10:47:50,03.05.2013 10:48:36,03.05.2013 10:48:36,03.05.2013 10:48:59,TXT,0,,1
82,6,10,"Was ist der Unterschied zwischen Wirksamkeit und Nutzen: wirksames Schlafmittel, aber wenn Pat am Morgen müde ist, nutzt es nichts",16,03.05.2013 10:49:33,03.05.2013 10:50:33,03.05.2013 10:50:34,03.05.2013 10:50:57,TXT,0,,1
83,6,10,"hohe Lebensqualität und geringe KLinikaufenthalte ist Wert, aber ist langes Leben ein ""Nutzen""",16,03.05.2013 10:51:06,03.05.2013 10:51:38,03.05.2013 10:51:39,03.05.2013 10:52:02,TXT,0,,0
84,6,10,?,16,03.05.2013 10:51:44,03.05.2013 10:51:45,03.05.2013 10:51:47,03.05.2013 10:52:10,TXT,0,,-1
85,6,10,"Wie kann man Quality of Life messen? Fragebogen: Frage einen Inhalt in verschachtelter Form mehrmals ab, und stelle weitere Fragen, z.B. nach Angst",16,03.05.2013 10:51:59,03.05.2013 10:53:44,03.05.2013 10:53:47,03.05.2013 10:54:10,TXT,0,,1
86,6,3,Qualtify of life kann man durch das International Quality of Life Assessment (IQOLA) Projekt bestimmen,16,03.05.2013 10:52:35,03.05.2013 10:53:16,03.05.2013 10:53:19,03.05.2013 10:54:21,TXT,0,,1
87,6,10,"Aspekte trennen, bei der Befragung, aber auch objektiv messbar (wie weit lauen), aber wie fügt man die getrennte Achsen wieder zusammen?",16,03.05.2013 10:53:50,03.05.2013 10:54:52,03.05.2013 10:54:52,03.05.2013 10:55:15,TXT,0,,0
88,6,9,"wie misst man Lebensqualität? 
-Trennung von Aspekten: subjektive Wahrnehmung von objektivierbaren Fakten.",16,03.05.2013 10:51:22,03.05.2013 10:54:32,03.05.2013 10:54:34,03.05.2013 10:55:35,TXT,0,,0
89,6,10,Kennzahlen,16,03.05.2013 10:55:55,03.05.2013 10:55:56,03.05.2013 10:56:14,03.05.2013 10:56:37,TXT,0,,0
90,6,10,"Mammographie-Screening: Präventionsmaßnahme, die Krebsrisiko erhöht, wie sensitiv ist die Methode (diagnostische Sicherheit)",16,03.05.2013 10:56:40,03.05.2013 10:57:30,03.05.2013 10:57:36,03.05.2013 10:57:59,TXT,0,,0
91,6,3,"Evidenz für Nutzen kann durch randomisierte, kontrollierte Studien festgestellt werden, z.B.: Mammographie-Screening (Test vs. Kontrollgruppe, Zuordnung durch Zufall, Beobachtungsgrösse Todesfall durch Brustkrebs, Beobachtungszeitpunkt nach 10 Jahren, am Ende auszählen)",16,03.05.2013 10:57:05,03.05.2013 10:58:30,03.05.2013 10:58:31,03.05.2013 10:59:32,TXT,0,,1
92,6,10,Mammographie: ökonomischer Schaden (teuer) und psychischer Schaden: steht der Schaden im Verhältnis zum Nutzen? => Vergleichstest festlegen,16,03.05.2013 10:58:09,03.05.2013 10:59:05,03.05.2013 10:59:24,03.05.2013 10:59:47,TXT,0,,0
93,6,10,Risikoreduktion,16,03.05.2013 11:02:23,03.05.2013 11:02:27,03.05.2013 11:02:29,03.05.2013 11:02:52,TXT,0,,0
94,6,10,Wie stark reduziert die Präventionsmaßnahme das Risiko?,16,03.05.2013 11:02:36,03.05.2013 11:03:13,03.05.2013 11:03:13,03.05.2013 11:03:36,TXT,0,,1
95,6,3,Risikoreduktion ist Masszahl für die Wirksamkeit der Präventionsmassnahme.,17,03.05.2013 11:01:48,03.05.2013 11:02:54,03.05.2013 11:02:59,03.05.2013 11:04:01,TXT,0,,0
96,6,10,Relaktive Risikoreduktion verschleiert die Grundwerte,16,03.05.2013 11:04:03,03.05.2013 11:04:18,03.05.2013 11:04:18,03.05.2013 11:04:41,TXT,0,,0
97,6,3,Relative Risikoreduktion ist das Verhaeltnis der Resikoreduktions zum Ausgansrisiko.,17,03.05.2013 11:03:29,03.05.2013 11:04:10,03.05.2013 11:04:10,03.05.2013 11:05:11,TXT,0,,1
98,6,9,"Maßzahl für therapeutischen Nutzen einer Maßnahme
Absolut: Angabe der absoluten Differenz
Relativ: verschleiert die Grundwerte durch Prozentwerte . Also mit Vorsicht zu genießen!",17,03.05.2013 11:01:49,03.05.2013 11:06:21,03.05.2013 11:06:36,03.05.2013 11:07:37,TXT,0,,1
99,6,3,Absolute Risikoreduktion ist die Differenz zwischen der Risikoredukion zum Ausgangsrisiko,17,03.05.2013 11:06:24,03.05.2013 11:07:02,03.05.2013 11:07:03,03.05.2013 11:08:05,TXT,0,,1
100,6,10,"bei papers aufpassen, ob relative oder absolute Risikoreduktion (!)",16,03.05.2013 11:07:34,03.05.2013 11:07:53,03.05.2013 11:07:54,03.05.2013 11:08:17,TXT,0,,0
101,6,10,Verschleierung könnte durch Fehlerangabe vermieden werden,16,03.05.2013 11:08:01,03.05.2013 11:08:20,03.05.2013 11:08:21,03.05.2013 11:08:44,TXT,0,,1
102,6,9,NNT: wie viele Personen müssen für wie lange behandelt werden um eine Person zu retten?,18,03.05.2013 11:07:07,03.05.2013 11:07:43,03.05.2013 11:07:46,03.05.2013 11:08:46,TXT,0,,0
103,6,3,"Wie viele Personen müssen wie lange behandelt werden, damit eine Person gerettett wird? Im Beispiel: 1000 Frauen müssen 10 Jahre behandelt werden, damit eine Person gerettet wird.",18,03.05.2013 11:07:26,03.05.2013 11:08:04,03.05.2013 11:08:04,03.05.2013 11:09:06,TXT,0,,1
104,6,9,"Maßnahme ist besser, wenn NNT möglichst klein ist",18,03.05.2013 11:08:22,03.05.2013 11:08:34,03.05.2013 11:08:37,03.05.2013 11:09:38,TXT,0,,1
105,6,10,NNT=> je kleiner desto besser,16,03.05.2013 11:09:13,03.05.2013 11:09:24,03.05.2013 11:09:25,03.05.2013 11:09:48,TXT,0,,0
106,6,9,"je kleiner NNT, desto wirksamer das Verfahren",18,03.05.2013 11:08:39,03.05.2013 11:08:46,03.05.2013 11:08:50,03.05.2013 11:09:51,TXT,0,,1
107,6,9,NNH ( Number needed to Harm) : Böser Bruder von NNT,18,03.05.2013 11:08:59,03.05.2013 11:09:31,03.05.2013 11:09:34,03.05.2013 11:10:35,TXT,0,,0
108,6,9,"NNH: wie lange muss man jemanden mit etwas exponieren, damit einer Person geschadet wird",18,03.05.2013 11:09:36,03.05.2013 11:09:56,03.05.2013 11:09:57,03.05.2013 11:10:58,TXT,0,,1
109,6,9,"je kleiner NNH, desto schädlicher",18,03.05.2013 11:10:22,03.05.2013 11:10:40,03.05.2013 11:10:43,03.05.2013 11:11:44,TXT,0,,1
110,6,3,Anderer Vergleichsmass: Erhöhung der mittleren Lebenserwartung einer Person aus dem Kollektiv.,18,03.05.2013 11:11:44,03.05.2013 11:12:14,03.05.2013 11:12:14,03.05.2013 11:13:16,TXT,0,,0
111,6,10,"Erhöhung der mittleren Lebenserwartung: Interpretation: z.B. mit Autofahren
=> natürlich ist Größe anschaulich, aber Interpretation schwierig",16,03.05.2013 11:12:20,03.05.2013 11:13:40,03.05.2013 11:13:41,03.05.2013 11:14:04,TXT,0,,1
112,6,3,Goldstandard ist die wahre Diagnose. Ist aber nicht immer definiert oder moeglich.,19,03.05.2013 11:19:13,03.05.2013 11:20:07,03.05.2013 11:20:07,03.05.2013 11:21:08,TXT,0,,1
113,6,10,Autopsien am ehesten Goldstandard,16,03.05.2013 11:22:09,03.05.2013 11:22:22,03.05.2013 11:22:23,03.05.2013 11:22:46,TXT,0,,0
114,6,3,Pathologische Befunde sind am nächsten am Goldstandard,19,03.05.2013 11:21:36,03.05.2013 11:21:48,03.05.2013 11:21:49,03.05.2013 11:22:49,TXT,0,,1
115,6,10,"sonst immer Kombination verschiedener Diagnostiken als ""Goldstandard"", um zu vergleichenden Test zu vergleichen (Vierfeldertafel aufstellen)",16,03.05.2013 11:22:37,03.05.2013 11:23:26,03.05.2013 11:23:26,03.05.2013 11:23:49,TXT,0,,1
116,6,10,was ist Sensitivität als bedingte Wahrscheinlichkeit?,16,03.05.2013 11:24:07,03.05.2013 11:24:22,03.05.2013 11:24:22,03.05.2013 11:24:45,TXT,0,,0
117,6,9,Sensitivität: Def.: Wahr pos. / Kranke,19,03.05.2013 11:23:04,03.05.2013 11:24:12,03.05.2013 11:24:16,03.05.2013 11:25:17,TXT,0,,1
118,6,3,Sensitivität ist Wahr positive durch die Menge aller wirklich kranken bzw. Wahr pos./(Wahr pos + Falsch Negativ),19,03.05.2013 11:25:21,03.05.2013 11:24:20,03.05.2013 11:24:20,03.05.2013 11:25:21,TXT,0,,1
119,6,9,Spezifität: Def.: Wahr neg. / Gesund,19,03.05.2013 11:24:18,03.05.2013 11:24:40,03.05.2013 11:24:42,03.05.2013 11:25:43,TXT,0,,1
120,6,9,"Prädiktive Werte: Def.: Wahr pos./ Test: Krank ---> Also wo der Test zu recht sagt, dass jemand krank ist",20,03.05.2013 11:24:48,03.05.2013 11:25:31,03.05.2013 11:25:34,03.05.2013 11:26:35,TXT,0,,1
121,6,9,"Formeln nicht auswendig lernen, aber: Werte interpretieren können",20,03.05.2013 11:26:00,03.05.2013 11:26:25,03.05.2013 11:26:26,03.05.2013 11:27:27,TXT,0,,0
122,6,10,"Klausur: Formeln nicht auswendig lernen, aber Interpretation der Formeln GANZ, GANZ wichtig",16,03.05.2013 11:26:39,03.05.2013 11:27:08,03.05.2013 11:27:09,03.05.2013 11:27:32,TXT,0,,1
123,6,3,Prävalenz ist Wahrscheinlichkeit krank zu sein,20,03.05.2013 11:26:40,03.05.2013 11:26:56,03.05.2013 11:26:56,03.05.2013 11:27:57,TXT,0,,0
124,6,9,Prävalenz: Auftreten einer Krankheit in der Gesamtpopulation,20,03.05.2013 11:27:04,03.05.2013 11:27:25,03.05.2013 11:27:27,03.05.2013 11:28:28,TXT,0,,1
125,6,10,Was ist Prävalenz nicht? krank im Testkollektiv,16,03.05.2013 11:27:48,03.05.2013 11:28:14,03.05.2013 11:28:14,03.05.2013 11:28:37,TXT,0,,1
126,6,3,"Bedingte Wahrscheinlichkeit dass y, wenn x = Fälle mit x und y / Fälle mit x",20,03.05.2013 11:31:05,03.05.2013 11:30:03,03.05.2013 11:30:05,03.05.2013 11:31:05,TXT,0,,1
127,6,10,"=> hier: sagt Test krank, wenn man wirklich krank ist?",16,03.05.2013 11:32:49,03.05.2013 11:33:02,03.05.2013 11:33:02,03.05.2013 11:33:25,TXT,0,,0
128,6,3,sensitivität = bedingte wahrscheinlichkeit dass test meint krank wenn tatsächlich krank,20,03.05.2013 11:32:07,03.05.2013 11:32:28,03.05.2013 11:32:30,03.05.2013 11:33:30,TXT,0,,1
129,6,3,spezifität = bedingte wahrscheinlichkeit dass test meint gesund wenn tatsächlich gesund,20,03.05.2013 11:32:31,03.05.2013 11:32:44,03.05.2013 11:32:48,03.05.2013 11:33:48,TXT,0,,1
130,6,3,"pos präd wert = bedingte wahrscheinlichkeit dass man krank ist, wenn test meint krank",20,03.05.2013 11:33:17,03.05.2013 11:34:02,03.05.2013 11:34:04,03.05.2013 11:35:04,TXT,0,,1
131,6,3,"neg präd wert = bedingte wahrscheinlichkeit dass man gesund ist, wenn test meint gesund",20,03.05.2013 11:34:04,03.05.2013 11:34:18,03.05.2013 11:34:35,03.05.2013 11:35:36,TXT,0,,1
132,6,10,"welche Zahlen sind für meinen Patienten überhaupt von Interesse? Beratungssituation (mit Sensitivität und Spezifität): passiert so häufig, ist aber schädlich für Patienten",16,03.05.2013 11:35:55,03.05.2013 11:37:21,03.05.2013 11:37:27,03.05.2013 11:37:50,TXT,0,,0
133,6,9,"Prädiktive WErte für Patienten das iteressante: Der Pat. will wissen, ob er krank ist",20,03.05.2013 11:36:30,03.05.2013 11:36:47,03.05.2013 11:36:55,03.05.2013 11:37:56,TXT,0,,1
134,6,10,Patienten interessiert den positiven prädikativer Wert,16,03.05.2013 11:37:28,03.05.2013 11:37:40,03.05.2013 11:37:41,03.05.2013 11:38:04,TXT,0,,1
135,6,3,"das heisst: wie wahrscheinlich es ist, dass er krank ist.",20,03.05.2013 11:37:09,03.05.2013 11:37:19,03.05.2013 11:37:20,03.05.2013 11:38:21,TXT,0,,0
136,6,10,CAVE: Bei Krankheiten mit niedriger Prävalenz sind Tests nicht zuverlässig,16,03.05.2013 11:37:57,03.05.2013 11:38:24,03.05.2013 11:38:25,03.05.2013 11:38:48,TXT,0,,1
137,6,10,"CAVE: Leitlinie gibt Sensitivität und Spezifität an, weil Test Test bleibt",16,03.05.2013 11:38:34,03.05.2013 11:40:02,03.05.2013 11:40:03,03.05.2013 11:40:26,TXT,0,,1
138,6,10,aber was sich ändert ist die Einschätzung der Prävalenz des Patienten,16,03.05.2013 11:40:03,03.05.2013 11:40:19,03.05.2013 11:40:20,03.05.2013 11:40:43,TXT,0,,1
139,6,10,=> Patienten dem richtigen Kollektiv zuordnen,16,03.05.2013 11:40:44,03.05.2013 11:40:55,03.05.2013 11:40:56,03.05.2013 11:41:19,TXT,0,,1
140,6,3,Zitat: Ist das klar? Klar! Muss man sich nur klar machen.,20,03.05.2013 11:42:24,03.05.2013 11:42:32,03.05.2013 11:42:34,03.05.2013 11:43:34,TXT,0,,-1
141,6,10,"bei einer Prävalenz von 0 ist der positive Präd. Wert 0, weil wenn es die Krankheit nicht gibt, dann ist P, dass der Patient sie bekommt auch 0",16,03.05.2013 11:42:29,03.05.2013 11:43:18,03.05.2013 11:43:22,03.05.2013 11:43:45,TXT,0,,1
142,6,10,"HPV=0,3 als Prävalenz",16,03.05.2013 11:44:57,03.05.2013 11:45:07,03.05.2013 11:45:09,03.05.2013 11:45:32,TXT,0,,1
143,6,10,"5-10% Prävalenz hat nur einen positiver prädiktiver Wert von 30% => wenn Test krank sagt, ist der Patient dennoch zu 70% gesund",16,03.05.2013 11:45:39,03.05.2013 11:46:42,03.05.2013 11:46:43,03.05.2013 11:47:06,TXT,0,,1
448,36,113,Hallo,,10.12.2013 08:17:28,10.12.2013 08:17:29,10.12.2013 08:17:31,10.12.2013 08:19:21,TXT,0,,-1
449,36,113,testbild,,10.12.2013 08:17:54,10.12.2013 08:19:06,10.12.2013 08:19:12,10.12.2013 08:21:02,IMG,0,1,-1
450,36,136,hallo,,10.12.2013 08:21:24,10.12.2013 08:21:25,10.12.2013 08:21:28,10.12.2013 08:22:54,TXT,0,,-1
451,36,135,Geschwindigkeitsbestimmender Schritt: Diffusion,,10.12.2013 08:25:27,10.12.2013 08:25:38,10.12.2013 08:25:41,10.12.2013 08:27:04,TXT,0,,1
452,36,135,Kolloide < normales Molekül(1nm-1müm groß),,10.12.2013 08:28:58,10.12.2013 08:34:00,10.12.2013 08:34:08,10.12.2013 08:35:31,TXT,0,,1
453,36,135,Reaktionsmechanimus kennen: es lohnt sich den langsamsten Schritt zu beschleunigen,,10.12.2013 08:34:14,10.12.2013 08:34:49,10.12.2013 08:34:52,10.12.2013 08:36:15,TXT,0,,1
454,36,136,ende der kinetik,,10.12.2013 08:47:26,10.12.2013 08:47:30,10.12.2013 08:47:32,10.12.2013 08:48:59,TXT,0,,1
455,36,113,"Formeln zu Wellen: Wellenlänge, Wellenzahl, Energie",,10.12.2013 08:49:00,10.12.2013 08:49:18,10.12.2013 08:49:52,10.12.2013 08:51:43,IMG,0,1,1
456,36,138,Kann ich auch Sachen direkt in das Dokument schreiben?,,10.12.2013 08:53:14,10.12.2013 08:53:27,10.12.2013 08:53:29,10.12.2013 08:54:53,TXT,0,,-1
457,36,113,Nach der Vorlesung ja. Jetzt erstmal hier rein.,,10.12.2013 08:53:31,10.12.2013 08:53:37,10.12.2013 08:53:40,10.12.2013 08:55:31,TXT,0,,-1
458,36,113,Die sachen hier drin tauchen dann im dokument wieder auf.,,10.12.2013 08:54:05,10.12.2013 08:54:14,10.12.2013 08:54:15,10.12.2013 08:56:06,TXT,0,,-1
459,36,133,Lambert-Beer,,10.12.2013 08:51:38,10.12.2013 08:56:05,10.12.2013 08:56:15,10.12.2013 08:57:38,IMG,0,1,1
460,36,113,Rotationsspektroskopie,,10.12.2013 08:55:46,10.12.2013 08:55:55,10.12.2013 08:56:04,10.12.2013 08:57:54,IMG,0,1,1
461,36,113,Schwingungsspektroskopie beschreibt die Schwingung von Molekülen: Für jedes Atom werden 3 Koordinaten benötigt N atomiges Molekül -> 3n-6 (bzw. 3n-5) = Gesamtzahl der Schwingungen,,10.12.2013 08:58:28,10.12.2013 08:59:34,10.12.2013 08:59:36,10.12.2013 09:01:27,TXT,0,,1
462,36,135,\frac{1}{\upmu}=\frac{1}{m_1}+\frac{1}{m_2},,10.12.2013 08:53:23,10.12.2013 09:05:33,10.12.2013 09:05:38,10.12.2013 09:07:01,TXT,0,,-1
463,36,136,?,,10.12.2013 09:06:04,10.12.2013 09:06:05,10.12.2013 09:06:08,10.12.2013 09:07:35,TXT,0,,-1
464,36,113,"k: Federkonstante, $$\mu$$: reduzierte Masse",,10.12.2013 09:05:40,10.12.2013 09:06:20,10.12.2013 09:06:22,10.12.2013 09:08:12,EQU,0,,1
465,36,113,"Formeln kann man nur direkt als Gleichung (das Wurzelsymbol links) eingeben. Da gibt es auch eine Vorschau, sodass man Fehler direkt sehen kann.",,10.12.2013 09:07:17,10.12.2013 09:08:09,10.12.2013 09:08:11,10.12.2013 09:10:01,TXT,0,,-1
466,36,138,"Ich habe jetzt einfach mal was auf die Folien geschrieben, wo findet man das wieder oder kann ich selbst das nicht lesen?",,10.12.2013 09:09:15,10.12.2013 09:09:48,10.12.2013 09:09:49,10.12.2013 09:11:13,TXT,0,,-1
467,36,113,"Du musst das in den Channel ""Senden"" - dann ist es gespeichert",,10.12.2013 09:09:51,10.12.2013 09:10:05,10.12.2013 09:10:07,10.12.2013 09:11:58,TXT,0,,-1
468,36,135,hier fließen Federkonstante und reduzierte Masse ein. Danke für die Vorschau :o),,10.12.2013 09:07:45,10.12.2013 09:11:18,10.12.2013 09:11:22,10.12.2013 09:12:44,EQU,0,,1
469,36,134,Morse-Potentail,,10.12.2013 09:13:15,10.12.2013 09:18:41,10.12.2013 09:18:41,10.12.2013 09:19:50,EQU,0,,1
470,36,135,kann ich da in die Latex Fomel reinschauen? Muss das ja lernen...,,10.12.2013 09:20:04,10.12.2013 09:20:15,10.12.2013 09:20:17,10.12.2013 09:21:40,TXT,0,,-1
471,36,113,"Die Latex Notation ist nicht so einfach. Es spricht nichts dagegen, wenn ihr die Formeln aus den Folien raus ""ausschneidet"" (das Editorfeld lässt sich verkleinern/vergrößern) oder abmalt",,10.12.2013 09:21:34,10.12.2013 09:23:03,10.12.2013 09:23:05,10.12.2013 09:24:56,TXT,0,,-1
472,36,133,Boyle'sches Gesetz (Test),,10.12.2013 09:21:51,10.12.2013 09:24:07,10.12.2013 09:24:07,10.12.2013 09:25:30,EQU,0,,1
473,36,134,"die standardbefehle die wir brauchen, sind aber auch schnell zu erlernen...",,10.12.2013 09:24:18,10.12.2013 09:24:29,10.12.2013 09:24:31,10.12.2013 09:25:39,TXT,0,,1
474,36,135,charakteristische Temperatur: sprunghafter Anstieg der Schwingungsfrequenz,,10.12.2013 09:29:43,10.12.2013 09:30:16,10.12.2013 09:30:19,10.12.2013 09:31:41,TXT,0,,1
475,36,135,->Änderung des Aggregatzustandes!,,10.12.2013 09:30:30,10.12.2013 09:30:43,10.12.2013 09:30:45,10.12.2013 09:32:08,TXT,0,,1
476,36,135,"Stellen Sie sich vor, Sie sind ein Fisch und tauchen ab",,10.12.2013 09:36:35,10.12.2013 09:36:46,10.12.2013 09:36:49,10.12.2013 09:38:12,TXT,0,,-1
481,38,113,Hallo,,17.12.2013 16:16:50,17.12.2013 16:16:51,17.12.2013 16:16:53,17.12.2013 16:18:19,TXT,0,,-1
482,38,113,nicht so sinnvoll,,17.12.2013 16:17:09,17.12.2013 16:17:13,17.12.2013 16:17:18,17.12.2013 16:18:45,IMG,0,1,-1
483,38,113,los gehts,,17.12.2013 16:17:40,17.12.2013 16:18:00,17.12.2013 16:18:06,17.12.2013 16:19:33,IMG,0,1,-1
484,38,152,Viel Erfolg bei der Diplomarbeit :),,17.12.2013 16:19:21,17.12.2013 16:19:29,17.12.2013 16:19:31,17.12.2013 16:20:52,TXT,0,,-1
485,38,151,"Kann ich mir jetzt die Vorlesungen sparen, weil ich hier bessere Mitschriften bekommen",,17.12.2013 16:19:11,17.12.2013 16:19:46,17.12.2013 16:19:48,17.12.2013 16:21:04,TXT,0,,-1
486,38,152,Nonsens,,17.12.2013 16:19:53,17.12.2013 16:19:56,17.12.2013 16:19:57,17.12.2013 16:21:19,TXT,0,,-1
487,38,154,Es ist ein Traum!,,17.12.2013 16:20:28,17.12.2013 16:20:39,17.12.2013 16:20:45,17.12.2013 16:21:34,TXT,0,,-1
488,38,156,?¿,,17.12.2013 16:20:24,17.12.2013 16:20:24,17.12.2013 16:20:27,17.12.2013 16:21:52,TXT,0,,-1
489,38,155,hallo hallo,,17.12.2013 16:20:35,17.12.2013 16:20:37,17.12.2013 16:20:39,17.12.2013 16:22:03,TXT,0,,-1
490,38,152,"Morgens Lehrer, abends voller :P",,17.12.2013 16:20:35,17.12.2013 16:20:42,17.12.2013 16:20:48,17.12.2013 16:22:09,TXT,0,,-1
491,38,159,Wo ist die Anwesenheitsliste,,17.12.2013 16:22:57,17.12.2013 16:23:07,17.12.2013 16:23:16,17.12.2013 16:23:41,TXT,0,,-1
492,38,113,Die Anwesenheitsliste ist unten rechts,,17.12.2013 16:22:26,17.12.2013 16:22:30,17.12.2013 16:22:35,17.12.2013 16:24:01,TXT,0,,-1
493,38,156,yay evaluation,,17.12.2013 16:24:03,17.12.2013 16:24:03,17.12.2013 16:24:06,17.12.2013 16:25:30,TXT,0,,-1
494,38,154,Ich bin zur hälfte weiblich?,,17.12.2013 16:25:07,17.12.2013 16:25:27,17.12.2013 16:25:28,17.12.2013 16:26:17,TXT,0,,-1
495,38,155,immerhin,,17.12.2013 16:25:12,17.12.2013 16:25:13,17.12.2013 16:25:16,17.12.2013 16:26:39,TXT,0,,-1
496,38,160,knuddels 2.0,,17.12.2013 16:25:38,17.12.2013 16:25:41,17.12.2013 16:25:43,17.12.2013 16:27:08,TXT,0,,-1
497,38,160,@Folie 7,,17.12.2013 16:29:30,17.12.2013 16:29:30,17.12.2013 16:29:30,17.12.2013 16:29:30,TXT,0,,1
498,38,155,komm schon,,17.12.2013 16:32:26,17.12.2013 16:32:27,17.12.2013 16:32:29,17.12.2013 16:33:53,TXT,0,,-1
499,38,155,#weltherrschaft,,17.12.2013 16:36:13,17.12.2013 16:36:17,17.12.2013 16:36:20,17.12.2013 16:37:43,TXT,0,,-1
500,38,113,traut euch mitzuschreiben! :-),,17.12.2013 16:42:40,17.12.2013 16:43:02,17.12.2013 16:43:05,17.12.2013 16:44:32,TXT,0,,-1
501,38,154,Schwierig sich auf die Vorlesung und das Mitschreiben gleichzeitig zu konzentrieren.,,17.12.2013 16:45:09,17.12.2013 16:46:01,17.12.2013 16:46:01,17.12.2013 16:46:51,TXT,0,,-1
502,38,156,...what?,,17.12.2013 16:46:41,17.12.2013 16:46:41,17.12.2013 16:46:44,17.12.2013 16:48:08,TXT,0,,-1
503,38,158,das war nicht die LMU München auf dem eben gezeigten Bild sondern der Lichthof des Münchener Justizpalasts,,17.12.2013 16:49:00,17.12.2013 16:50:03,17.12.2013 16:50:05,17.12.2013 16:51:31,TXT,0,,1
504,38,156,über die einteilung von sauer lässt sich aber immerhin streiten. gefällt mir nicht,,17.12.2013 16:54:04,17.12.2013 16:54:04,17.12.2013 16:54:10,17.12.2013 16:55:34,TXT,0,,1
505,38,158,der kniefall von warschau ist meiner ansicht nach kontrovers. einerseits positiv aufgrund brandts versöhnlicher haltung andererseits stieß brandt auch menschen aus ehemaligen deutschen gebieten vor den kopf die von dort vor der roten Armee fliehen mussten...auch eine dimension die man beleuchten sollte,,17.12.2013 16:54:34,17.12.2013 16:57:39,17.12.2013 16:57:41,17.12.2013 16:59:07,TXT,0,,1
506,38,166,Aber trotzdem ein großer Sozialdemokrat,,17.12.2013 16:58:46,17.12.2013 16:58:54,17.12.2013 16:58:57,17.12.2013 17:00:10,TXT,0,,-1
507,38,158,ansichtssache,,17.12.2013 16:59:01,17.12.2013 16:59:05,17.12.2013 16:59:09,17.12.2013 17:00:34,TXT,0,,-1
508,38,159,Streber,,17.12.2013 17:01:17,17.12.2013 17:01:19,17.12.2013 17:01:25,17.12.2013 17:01:50,TXT,0,,-1
509,38,156,"dennoch ist der kniefall von warschau stets mit diesem bild verbunden. spricht dagegen, dass texte universelle quellen sind. es kommt immer auf das thema an",,17.12.2013 17:01:31,17.12.2013 17:01:31,17.12.2013 17:01:33,17.12.2013 17:02:58,TXT,0,,1
510,38,157,"Probleme beim Einsatz von Quellen im GU
- Schulquellen oft nicht auf wiss. Standard - Umformulierungen, Übersetzungen lateinischer Quellen (Schülerfreundlichkeit)
- Schüler können Quelle anders (ebenfalls schlüssig) interpretieren als der Lehrer 

schriftl. Q: Arbeitsschritte:

1. Verständnisprobleme klären, W-Fragen
2. Interpretation

Tipps: Zeilen nummerieren (bessere Übersicht), laut vorlesen lassen/selbst konzentriert lesen lassen in Stillarbeit, sinnvolles Markieren vorführen, Operatoren, Strukturskizze zur Ergebnissicherung (Tafelbild etc)

Sophie Scholl Filmstill: Quelle / Darstellung? Darstellung: filmische Rekonstruktion der Vorstellung, wie es gewesen sein könnte. Quelle: Quelle an sich, gibt Auskunft über die Vorstellung der Gesellschaft, die Mentalität bezüglich des Ereignisses

Bildquelle: Zeitebene: zeitgleich (zB Foto) /""Geschichtsbild"" (Gemälde zB. einer Schlacht, Quelle dafür, wie man sich zu der Zeit bestimmten Ereignissen genähert hatte) Goldünze KdGr. & Dürers Gemälde KdGr. , Präsentationform/Technik

Panowskys 3-Stufen-Bildbeschreibung: Beschreiben, Analysieren, Interpretieren",,17.12.2013 16:42:08,17.12.2013 17:01:52,17.12.2013 17:02:05,17.12.2013 17:03:31,TXT,0,,1
511,38,159,Chor,,17.12.2013 17:03:34,17.12.2013 17:03:34,17.12.2013 17:03:37,17.12.2013 17:04:02,TXT,0,,-1
512,38,152,der nachbar kanns besser :P,,17.12.2013 17:03:29,17.12.2013 17:03:33,17.12.2013 17:03:34,17.12.2013 17:04:55,TXT,0,,-1
513,38,157,"ich habe Absätze gemacht, werden nicht angezeigt .. :/",,17.12.2013 17:03:26,17.12.2013 17:03:36,17.12.2013 17:03:43,17.12.2013 17:05:10,TXT,0,,-1
514,38,113,"Momentan nicht, später schon. Aber trotzdem besser öfter auf Senden drücken - nicht erst lange sammeln",,17.12.2013 17:03:55,17.12.2013 17:04:34,17.12.2013 17:04:35,17.12.2013 17:06:02,TXT,0,,-1
515,38,159,Beckenbauer,,17.12.2013 17:05:40,17.12.2013 17:05:43,17.12.2013 17:05:44,17.12.2013 17:06:09,TXT,0,,-1
516,38,159,Meine ich ja.. Adenauer,,17.12.2013 17:06:45,17.12.2013 17:06:51,17.12.2013 17:06:58,17.12.2013 17:07:23,TXT,0,,-1
517,38,160,"Ich habe grade gelesen, was hier stand, und genau dann werde ich angesprochen :'(",,17.12.2013 17:06:08,17.12.2013 17:06:20,17.12.2013 17:06:21,17.12.2013 17:07:47,TXT,0,,-1
518,38,156,dreist,,17.12.2013 17:06:35,17.12.2013 17:06:35,17.12.2013 17:06:37,17.12.2013 17:08:01,TXT,0,,-1
519,38,155,Konrad Adenauer,,17.12.2013 16:26:43,17.12.2013 17:06:28,17.12.2013 17:06:55,17.12.2013 17:08:18,IMG,0,1,1
520,38,151,"ahhh über den reden wir
Danke",,17.12.2013 17:07:12,17.12.2013 17:07:20,17.12.2013 17:07:25,17.12.2013 17:08:42,TXT,0,,-1
521,38,156,oh gott nicht noch so eine folie ~~,,17.12.2013 17:07:30,17.12.2013 17:07:30,17.12.2013 17:07:32,17.12.2013 17:08:56,TXT,0,,-1
522,38,152,"schade, dass man hier nicht auch per drag und drop ganze word-dateien teilen kann. das wäre ne praktische funktion, da den gemeinsamen bereich vom l2p ja eh kein schwein benutzt.",,17.12.2013 17:07:39,17.12.2013 17:08:16,17.12.2013 17:08:18,17.12.2013 17:09:39,TXT,0,,-1
523,38,113,Wir haben unten uach einen Feedback Button - da gibts nen Formular wo ihr gerne sowas reinschreiben könnt - oder gerne auch nach der Vorlesung persönlich,,17.12.2013 17:08:47,17.12.2013 17:09:50,17.12.2013 17:09:54,17.12.2013 17:11:21,TXT,0,,-1
524,38,163,"Bildquellen im Sinne der Visual History
--> Bild in größeren Kontext betten",,17.12.2013 17:09:36,17.12.2013 17:10:16,17.12.2013 17:10:23,17.12.2013 17:11:47,TXT,0,,1
525,38,160,Angela Merkel ist nicht Cindy Crawford.,,17.12.2013 17:12:08,17.12.2013 17:12:19,17.12.2013 17:12:21,17.12.2013 17:13:46,TXT,0,,-1
526,38,156,wieder was gelernt,,17.12.2013 17:12:33,17.12.2013 17:12:33,17.12.2013 17:12:40,17.12.2013 17:14:04,TXT,0,,-1
527,38,152,daniela katzenberger?,,17.12.2013 17:13:35,17.12.2013 17:13:40,17.12.2013 17:13:42,17.12.2013 17:15:04,TXT,0,,-1
528,38,152,wers slatko?,,17.12.2013 17:13:46,17.12.2013 17:13:50,17.12.2013 17:13:51,17.12.2013 17:15:12,TXT,0,,-1
529,38,151,"Ich mag mir gar nicht vorstellen, welch sinnvolle Beiträge in einer Vorlesung mit 500 Maschbauern hier erstehen.",,17.12.2013 17:13:28,17.12.2013 17:13:57,17.12.2013 17:14:06,17.12.2013 17:15:23,TXT,0,,-1
530,38,159,"Angela Merkel ungleich Cindy
Cindy gleich Frau
Angela Merkel ungleich Frau",,17.12.2013 17:14:04,17.12.2013 17:14:58,17.12.2013 17:15:00,17.12.2013 17:15:25,TXT,0,,-1
531,38,159,xD,,17.12.2013 17:15:17,17.12.2013 17:15:18,17.12.2013 17:15:19,17.12.2013 17:15:44,TXT,0,,-1
532,38,155,slatko mit jürgen = <3,,17.12.2013 17:14:22,17.12.2013 17:14:31,17.12.2013 17:14:35,17.12.2013 17:15:58,TXT,0,,-1
533,38,154,Zlatko!,,17.12.2013 17:15:20,17.12.2013 17:15:24,17.12.2013 17:15:27,17.12.2013 17:16:16,TXT,0,,-1
534,38,160,zlatko! mit Z.,,17.12.2013 17:14:37,17.12.2013 17:14:44,17.12.2013 17:14:53,17.12.2013 17:16:19,TXT,0,,-1
535,38,152,"slatko, jürgen und porno klaus = <3",,17.12.2013 17:14:47,17.12.2013 17:14:56,17.12.2013 17:14:58,17.12.2013 17:16:19,TXT,0,,-1
536,38,155,<3,,17.12.2013 17:14:59,17.12.2013 17:14:59,17.12.2013 17:15:02,17.12.2013 17:16:25,TXT,0,,-1
537,38,152,:*,,17.12.2013 17:15:08,17.12.2013 17:15:09,17.12.2013 17:15:10,17.12.2013 17:16:31,TXT,0,,-1
538,38,152,jerusalem-syndrom?,,17.12.2013 17:15:38,17.12.2013 17:15:42,17.12.2013 17:15:43,17.12.2013 17:17:04,TXT,0,,-1
539,38,152,zlatko = messias?,,17.12.2013 17:15:47,17.12.2013 17:15:52,17.12.2013 17:15:54,17.12.2013 17:17:15,TXT,0,,-1
540,38,155,vllt ja vllt nein,,17.12.2013 17:16:15,17.12.2013 17:16:17,17.12.2013 17:16:19,17.12.2013 17:17:43,TXT,0,,-1
541,38,154,"Ist nicht beim Einsatz von Bildern generell die visuelle ""Intelligenz"" der eigentliche Knackpunkt?",,17.12.2013 17:16:07,17.12.2013 17:17:11,17.12.2013 17:17:13,17.12.2013 17:18:02,TXT,0,,1
542,38,152,"vielleicht hats was damit zu tun, dass sich die menschen dann selbst besser fühlen, wenn sie menschen sehen, die noch mieser drauf sind als sie...",,17.12.2013 17:17:00,17.12.2013 17:17:28,17.12.2013 17:17:30,17.12.2013 17:18:51,TXT,0,,-1
543,38,160,Herr Kuchler disst aktiv die Studierenden.,,17.12.2013 17:18:01,17.12.2013 17:18:07,17.12.2013 17:18:08,17.12.2013 17:19:33,TXT,0,,-1
544,38,152,tamara: GEDISST :D,,17.12.2013 17:18:04,17.12.2013 17:18:09,17.12.2013 17:18:16,17.12.2013 17:19:37,TXT,0,,-1
545,38,155,#burn,,17.12.2013 17:18:17,17.12.2013 17:18:18,17.12.2013 17:18:22,17.12.2013 17:19:45,TXT,0,,-1
546,38,157,apply water...,,17.12.2013 17:18:28,17.12.2013 17:18:30,17.12.2013 17:18:35,17.12.2013 17:20:01,TXT,0,,-1
547,38,156,jetzt bin ich beleidigt :(,,17.12.2013 17:18:39,17.12.2013 17:18:39,17.12.2013 17:18:42,17.12.2013 17:20:06,TXT,0,,-1
548,38,152,"esst mehr käse, bleibt geschmeidig!",,17.12.2013 17:19:36,17.12.2013 17:19:40,17.12.2013 17:19:42,17.12.2013 17:21:03,TXT,0,,-1
549,38,155,!!!,,17.12.2013 17:20:08,17.12.2013 17:20:09,17.12.2013 17:20:09,17.12.2013 17:21:33,TXT,0,,-1
550,38,155,"JA, MANN",,17.12.2013 17:20:11,17.12.2013 17:20:14,17.12.2013 17:20:15,17.12.2013 17:21:39,TXT,0,,-1
551,38,155,du bist doch der größte Käsefeind,,17.12.2013 17:20:33,17.12.2013 17:20:37,17.12.2013 17:20:38,17.12.2013 17:22:02,TXT,0,,-1
552,38,152,mama mama ich hab deinen klodeckel verziehrt :),,17.12.2013 17:21:08,17.12.2013 17:21:21,17.12.2013 17:21:23,17.12.2013 17:22:44,TXT,0,,-1
553,38,160,Kein Gegensatz (Bild 9/11),,17.12.2013 17:21:02,17.12.2013 17:21:18,17.12.2013 17:21:36,17.12.2013 17:23:01,IMG,0,1,1
554,38,156,that spam,,17.12.2013 17:21:37,17.12.2013 17:21:37,17.12.2013 17:21:41,17.12.2013 17:23:05,TXT,0,,-1
555,38,154,Inwiefern glaubt ihr kann man den Terror von RAF und Al'Qaeda vergleichen?,,17.12.2013 17:23:19,17.12.2013 17:26:18,17.12.2013 17:26:20,17.12.2013 17:27:10,TXT,0,,-1
556,38,156,schwierige frage. die grundlage ist ja anders. religiöser und politischer terrorismus. finde ich schwer vergleichbar,,17.12.2013 17:26:47,17.12.2013 17:27:06,17.12.2013 17:27:08,17.12.2013 17:28:32,TXT,0,,-1
557,38,152,"ich finds fraglich, bei al kaida von religiöser motivation zu sprechen.",,17.12.2013 17:27:21,17.12.2013 17:27:36,17.12.2013 17:27:37,17.12.2013 17:28:58,TXT,0,,-1
558,38,151,Hat jemand die Liste gesehen?,,17.12.2013 17:27:46,17.12.2013 17:27:55,17.12.2013 17:27:59,17.12.2013 17:29:16,TXT,0,,-1
559,38,159,Religiöser terrorismus gibt es nicht,,17.12.2013 17:28:36,17.12.2013 17:28:51,17.12.2013 17:28:55,17.12.2013 17:29:20,TXT,0,,-1
560,38,155,religion und politik liegen in manchen länder nicht so weit auseinander,,17.12.2013 17:27:42,17.12.2013 17:27:57,17.12.2013 17:27:59,17.12.2013 17:29:23,TXT,0,,-1
561,38,154,Ist dann also die Form des Austragens entscheidender als die Motivation?,,17.12.2013 17:28:23,17.12.2013 17:28:56,17.12.2013 17:28:57,17.12.2013 17:29:46,TXT,0,,-1
562,38,158,"RAF und Al'Qaeda sind nun wirklich zwei paar Schuhe, linksradikalismus vs. religiöser fundamentalismus",,17.12.2013 17:27:31,17.12.2013 17:28:46,17.12.2013 17:28:51,17.12.2013 17:30:16,TXT,0,,-1
563,38,152,ein wichtiger weiterer punkt ist der internationalismus und die nationale ausrichtung.,,17.12.2013 17:28:48,17.12.2013 17:29:03,17.12.2013 17:29:05,17.12.2013 17:30:27,TXT,0,,-1
564,38,154,Aber beides ist/war ja nunmal Terrorismus.,,17.12.2013 17:29:37,17.12.2013 17:31:06,17.12.2013 17:31:11,17.12.2013 17:32:00,TXT,0,,-1
565,38,159,Das bestreitet niemand,,17.12.2013 17:32:08,17.12.2013 17:32:17,17.12.2013 17:32:18,17.12.2013 17:32:43,TXT,0,,-1
566,38,158,Mag sein das Ziel ist aber jeweils ein anderes außerdem wird es anders umgesetzt...gegen al quaeda ist die RAF eine dilettantenverein,,17.12.2013 17:30:49,17.12.2013 17:32:11,17.12.2013 17:32:14,17.12.2013 17:33:39,TXT,0,,-1
567,38,155,hätte ich mal informatik studiert....,,17.12.2013 17:32:06,17.12.2013 17:32:20,17.12.2013 17:32:24,17.12.2013 17:33:49,TXT,0,,-1
568,38,154,"Wo aber liegen denn dann die Gemeinsamkeiten,  sodass ich in beiden Fällen guten Gewissens von ""Terror"" sprechen kann.",,17.12.2013 17:32:41,17.12.2013 17:33:33,17.12.2013 17:33:35,17.12.2013 17:34:24,TXT,0,,-1
569,38,155,google --> Terror,,17.12.2013 17:33:23,17.12.2013 17:33:28,17.12.2013 17:33:30,17.12.2013 17:34:54,TXT,0,,-1
570,38,156,Mal ehrlich - welcher schüler in der sekI schaltet beim filme gucken nicht auf leerlauf?,,17.12.2013 17:33:58,17.12.2013 17:33:58,17.12.2013 17:34:01,17.12.2013 17:35:25,TXT,0,,-1
571,38,159,Das Ziel ist ein aderes? Raf schlachtet also Kühe,,17.12.2013 17:33:39,17.12.2013 17:34:54,17.12.2013 17:35:02,17.12.2013 17:35:26,TXT,0,,-1
572,38,154,"Da kennt aber jemand alle Antworten,  wa?",,17.12.2013 17:34:27,17.12.2013 17:34:41,17.12.2013 17:34:42,17.12.2013 17:35:31,TXT,0,,-1
573,38,158,reicht dir als antwort die umsetzung von attentaten zur durchsetzung der eigenen ziele?,,17.12.2013 17:33:10,17.12.2013 17:34:16,17.12.2013 17:34:18,17.12.2013 17:35:43,TXT,0,,-1
574,38,160,"guckt mal, an der Decke ist ein Butterbrot. Hinten am Beamer.",,17.12.2013 17:34:24,17.12.2013 17:34:38,17.12.2013 17:34:39,17.12.2013 17:36:05,TXT,0,,-1
575,38,154,"Nein, nach der Definition wären dann ja auch die US-Special Forces Terroristen.",,17.12.2013 17:35:30,17.12.2013 17:36:09,17.12.2013 17:36:10,17.12.2013 17:36:59,TXT,0,,-1
576,38,156,schadee mr. kuchler,,17.12.2013 17:36:00,17.12.2013 17:36:00,17.12.2013 17:36:01,17.12.2013 17:37:25,TXT,0,,-1
577,38,152,"naja, dass die amerikanische regierung über 5000 personen im norden pakistans per drohne exekutieren lassen hat, ist durchaus auch terror...",,17.12.2013 17:36:07,17.12.2013 17:36:37,17.12.2013 17:36:38,17.12.2013 17:37:59,TXT,0,,-1
578,38,152,"bzw. kann ich sehr gut nachvollziehen, dass die pakistanis dort das als terror empfinden.",,17.12.2013 17:36:42,17.12.2013 17:36:55,17.12.2013 17:36:57,17.12.2013 17:38:18,TXT,0,,-1
579,38,158,"an den jungen mann der das programm geschrieben hat: beim eintragen eines satzes verschwindet der Text wird quasi unsichtbar taucht später aber wieder auf, ist ärgerlich blind zu tippen)",,17.12.2013 17:35:02,17.12.2013 17:36:53,17.12.2013 17:36:54,17.12.2013 17:38:19,TXT,0,,-1
580,38,159,"Darüber redet aber keiner, weils amis sind",,17.12.2013 17:37:47,17.12.2013 17:38:02,17.12.2013 17:38:04,17.12.2013 17:38:29,TXT,0,,-1
581,38,152,also bei mir bleibt er sichtbar. der text.,,17.12.2013 17:37:07,17.12.2013 17:37:18,17.12.2013 17:37:19,17.12.2013 17:38:40,TXT,0,,-1
582,38,113,"Wo verschwindet der Text? Hier im ""Chat""?",,17.12.2013 17:37:12,17.12.2013 17:37:28,17.12.2013 17:37:38,17.12.2013 17:39:05,TXT,0,,-1
583,38,154,Wir reden gerade darüber...,,17.12.2013 17:38:17,17.12.2013 17:38:26,17.12.2013 17:38:31,17.12.2013 17:39:20,TXT,0,,-1
584,38,158,der vergleich hinkt,,17.12.2013 17:38:12,17.12.2013 17:38:18,17.12.2013 17:38:20,17.12.2013 17:39:45,TXT,0,,-1
585,38,157,"""Chat"" trifft es",,17.12.2013 17:38:17,17.12.2013 17:38:27,17.12.2013 17:38:29,17.12.2013 17:39:55,TXT,0,,-1
586,38,159,King Arthur,,17.12.2013 17:39:26,17.12.2013 17:39:29,17.12.2013 17:39:32,17.12.2013 17:39:57,TXT,0,,1
587,38,159,Quelle zeugt direkt von der Vergangenheit,,17.12.2013 17:40:14,17.12.2013 17:40:26,17.12.2013 17:40:27,17.12.2013 17:40:52,TXT,0,,1
588,38,152,warum hinkt der vergleich?,,17.12.2013 17:39:54,17.12.2013 17:39:59,17.12.2013 17:40:01,17.12.2013 17:41:22,TXT,0,,-1
589,38,155,auf jeden fall das buch lesen!,,17.12.2013 17:40:29,17.12.2013 17:40:32,17.12.2013 17:40:38,17.12.2013 17:42:02,TXT,0,,-1
590,38,160,"Kann aber eine Quelle sein, wenn die Fragestellung lautet, wie die Zeit Arthurs in der heutigen Zeit dargestellt wird.",,17.12.2013 17:40:20,17.12.2013 17:40:37,17.12.2013 17:40:38,17.12.2013 17:42:04,TXT,0,,1
591,38,155,der medicus,,17.12.2013 17:40:40,17.12.2013 17:40:42,17.12.2013 17:40:43,17.12.2013 17:42:07,TXT,0,,-1
592,38,158,"ja genau, bei langen texten gibts momente wo plötzlich der bisher getippte text weg ist...also bezüglich dieses tippproblems (vllt liegts am ipad?)",,17.12.2013 17:38:26,17.12.2013 17:41:23,17.12.2013 17:41:25,17.12.2013 17:42:50,TXT,0,,-1
593,38,113,welche ipad version? ich werde das überprüfen,,17.12.2013 17:41:45,17.12.2013 17:41:55,17.12.2013 17:41:57,17.12.2013 17:43:24,TXT,0,,-1
594,38,158,ipad 3,,17.12.2013 17:42:11,17.12.2013 17:42:15,17.12.2013 17:42:28,17.12.2013 17:43:53,TXT,0,,-1
595,38,113,danke,,17.12.2013 17:42:30,17.12.2013 17:42:34,17.12.2013 17:42:35,17.12.2013 17:44:02,TXT,0,,-1
596,38,158,mit aktuellem ios,,17.12.2013 17:42:33,17.12.2013 17:42:38,17.12.2013 17:42:40,17.12.2013 17:44:05,TXT,0,,-1
156,14,10,Statistische Aspekte der EbM I,,10.05.2013 10:17:49,10.05.2013 10:17:28,10.05.2013 10:17:28,10.05.2013 10:17:49,TXT,0,,1
157,14,10,"teilweise Wdh. aus Epi, damit Physiologie mitkommen",,10.05.2013 10:18:05,10.05.2013 10:18:27,10.05.2013 10:18:29,10.05.2013 10:18:50,TXT,0,,1
158,14,10,"Bias= irgendwas, das Resultate produziert, die systematisch abweichen",,10.05.2013 10:20:03,10.05.2013 10:20:29,10.05.2013 10:20:29,10.05.2013 10:20:51,TXT,0,,1
159,14,10,meistens suchen wir ja systematische Trends= Behandlungserfolg,,10.05.2013 10:20:31,10.05.2013 10:20:47,10.05.2013 10:20:48,10.05.2013 10:21:09,TXT,0,,1
160,14,10,Bias vertuscht diese,,10.05.2013 10:20:53,10.05.2013 10:20:55,10.05.2013 10:20:56,10.05.2013 10:21:18,TXT,0,,0
161,14,10,wie können wir Bias vermeiden,,10.05.2013 10:20:59,10.05.2013 10:21:07,10.05.2013 10:21:07,10.05.2013 10:21:28,TXT,0,,1
162,14,10,Bias sind keine zufällige Fehler,,10.05.2013 10:21:08,10.05.2013 10:21:13,10.05.2013 10:21:14,10.05.2013 10:21:35,TXT,0,,0
163,14,10,zufällige Fehler nur durch statistische Verfahren in Rechnung stellen,,10.05.2013 10:21:20,10.05.2013 10:21:37,10.05.2013 10:21:38,10.05.2013 10:21:59,TXT,0,,1
164,14,10,"Bias, z.B. durch unterschiedliche Sympathie bzgl. Patienten",,10.05.2013 10:22:40,10.05.2013 10:23:08,10.05.2013 10:23:08,10.05.2013 10:23:30,TXT,0,,1
165,14,10,objektive Bewertung des Endresultats ist z.B. der Tod,,10.05.2013 10:23:17,10.05.2013 10:23:41,10.05.2013 10:23:41,10.05.2013 10:24:03,TXT,0,,1
166,14,10,"ein Beispiel: Unterschiede bei den Patientengruppen, die wir ansprechen => selection bias",,10.05.2013 10:26:17,10.05.2013 10:26:39,10.05.2013 10:26:40,10.05.2013 10:27:01,TXT,0,,1
167,14,10,noch ein Beispiel: nicht Gleichbehandlung: performance bias,,10.05.2013 10:28:03,10.05.2013 10:28:18,10.05.2013 10:28:18,10.05.2013 10:28:39,TXT,0,,1
168,14,10,noch ein Beispiel: Bewertung ist unterschiedlich=> ascertainment bias,,10.05.2013 10:29:11,10.05.2013 10:29:31,10.05.2013 10:29:32,10.05.2013 10:29:53,TXT,0,,1
169,14,10,ein letztes Beispiel: man müsste Placebo einführen,,10.05.2013 10:31:34,10.05.2013 10:31:57,10.05.2013 10:31:58,10.05.2013 10:32:19,TXT,0,,1
170,14,10,=> attrition  bias,,10.05.2013 10:32:15,10.05.2013 10:32:23,10.05.2013 10:32:23,10.05.2013 10:32:44,TXT,0,,1
171,14,10,unterschiedliche Studien sind unterschiedlich anfällig für verschiedene Biasarten,,10.05.2013 10:36:27,10.05.2013 10:36:49,10.05.2013 10:36:50,10.05.2013 10:37:11,TXT,0,,1
172,14,10,siehe Folien,,10.05.2013 10:48:49,10.05.2013 10:48:52,10.05.2013 10:48:52,10.05.2013 10:49:13,TXT,0,,1
173,14,10,"RR [0, \inf]",,10.05.2013 10:58:13,10.05.2013 10:57:51,10.05.2013 10:57:52,10.05.2013 10:58:13,TXT,0,,1
174,14,10,"RR=1 ""Faktor,um den das Risiko zu erkranken steigt, bei Patienten mit dem Risikofaktor im Vergleich zu Patienten ohne Risikofaktor",,10.05.2013 10:57:53,10.05.2013 10:58:35,10.05.2013 10:58:35,10.05.2013 10:58:56,TXT,0,,1
175,14,10,KI: Schätzer +/- 1.98 SEM_{Schätzer},,10.05.2013 11:00:50,10.05.2013 11:01:28,10.05.2013 11:01:29,10.05.2013 11:01:50,TXT,0,,1
176,14,10,"NNT: ""Wie viele Patienten müssen für wie lange behandelt werden, damit eine Person gerettet wird.""",,10.05.2013 11:08:09,10.05.2013 11:08:50,10.05.2013 11:08:51,10.05.2013 11:09:12,TXT,0,,1
177,14,10,Wie lange war die Behandlung? (NNT),,10.05.2013 11:12:16,10.05.2013 11:12:26,10.05.2013 11:12:26,10.05.2013 11:12:48,TXT,0,,1
178,14,10,"in Fallkontroll-Studien ist es nicht sinnvoll, Risikofaktoren zu quantifizieren",,10.05.2013 11:18:10,10.05.2013 11:18:35,10.05.2013 11:18:36,10.05.2013 11:18:58,TXT,0,,1
